Title,Year
"[REC]",2007
"¡Three Amigos!",1986
"0.5 mm",2014
"1BR",2019
"2 Fast 2 Furious",2003
"2LDK",2003
"3 Faces",2018
"6 Underground",2019
"7 Letters",2015
"7 Witches",2017
"10 Violent Women",1982
"10,000 Saints",2015
"12 Angry Men",1997
"12 Storeys",1997
"12 Years a Slave",2013
"13 Game of Death",2006
"15 The Movie",2003
"20th Century Boys"
"26 Years",2012
"27 Steps of May",2019
"28 Days",2000
"28 Days Later",2002
"36 Husbands",2019
"42",2013
"48m",2013
"55 Steps",2018
"100 Ways to Murder Your Wife",1986
"100 Years of Japanese Cinema",1995
"430",2005
"500 MPH Storm",2013
"881",2007
"1000 to 1",2014
"1114",2003
"1917",2019
"1990 The Bronx Warriors",1982
"2067",2020
"2359",2011
"3022",2019
"8000 Miles 2 Girls Rapper",2010
"A Barefoot Dream",2010
"A Better Tomorrow",2010
"A Chance in the World",2017
"A Company Man",2012
"A Copy of My Mind",2016
"A Crowd of Three",2010
"A Dangerous Method",2011
"A Day Late and a Dollar Short",2014
"A Distant Place",2021
"A Family Thing",1996
"A Gathering of Old Men",1987
"A Girl Walks Home Alone at Night",2014
"A Good Rain Knows",2009
"A History of Violence",2005
"A Knight's Tale",2001
"A Land Imagined",2019
"A Lesson Before Dying",1999
"A Little Pond",2010
"A Lot Like Love",2005
"A Love Song",2022
"A Man Who Was Superman",2008
"A Man's Flower Road",1986
"A Mighty Heart",2007
"A Millionaire On The Run",2012
"A Perfect Match",2002
"A Reason to Live",2011
"A Rifle and a Bag",2020
"A Secret Between Us",2013
"A Shock to the System",1990
"A Simple Life",2011
"A Single Shot",2013
"A Snake of June",2003
"A Stone Cold Christmas",2018
"A Taxi Driver",2017
"A Town of Love and Hope",1959
"A Woman, a Gun and a Noodle Shop",2009
"A World Without",2021
"A Yellow Bird",2016
"Aardvark",2018
"Abe Lincoln in Illinois",1940
"About the Pink Sky",2012
"Abraham Lincoln",1930
"Accepted",2006
"Ad Astra",2019
"Adjust Your Tracking The Untold Story of the VHS Collector",2013
"Afghan Luke",2011
"After School Midnighters",2012
"After the Sunset",2004
"After We Collided",2020
"Afternoon Delight",2013
"Age Out",2018
"Ain't No Tomorrows",2008
"Air Hostess",1959
"Alcarràs",2022
"Ali & Ava",2021
"Ali Baba Bujang Lapok",1961
"Alien from L.A.",1988
"All Day and a Night",2020
"All Quiet on the Western Front",2022
"All the Gods in the Sky",2019
"Allegiant",2016
"Almost Home",2019
"Alone with a Stranger",2000
"Aloners",2021
"Along with the Gods The Two Worlds",2017
"Amazon Women on the Moon",1987
"Amelia",2009
"American Violet",2008
"Amityville The Awakening",2017
"Amsterdam",2022
"Amuck!",1972
"An Actor Prepares",2018
"An American Werewolf in London",1981
"An Ideal Husband",1999
"An Officer and a Spy",2019
"Anesthesia",2016
"Angel",2005
"Animal House",1978
"Anna and the Apocalypse",2017
"Annabelle",2014
"Anniversary of the Revolution",1918
"Another Earth",2011
"Another Family",2014
"Antarctic Journal",2005
"Ante. Sundaraniki!",2022
"Antiporno",2017
"Applesauce",2015
"Apprentice",2016
"Architecture 101",2012
"Argentina, 1985",2022
"Ari Ari the Korean Cinema",2012
"Armageddon",1998
"Arthur Christmas",2011
"Asleep",2015
"Assassination",2015
"Assassination Nation",2018
"Assassination of a High School President",2008
"Assassins Tale",2013
"Astro Boy",2009
"Asura",2012
"ATL",2006
"Atlantics",2019
"Atonement",2007
"aTypical Wednesday",2020
"August",2008
"August Rush",2007
"Ave Maryam",2019
"Aya",2017
"Azooma",2013
"Babe Pig in the City",1998
"Babel",2006
"Backstage",2021
"Bad Company",1995
"Bad Education",2019
"BAD FILM",2012
"Bad Genius",2017
"Bad Luck",1960
"Bajrangi Bhaijaan",2015
"Balloon",2019
"Balloon Club, Afterwards",2006
"Banana Split",2018
"Bandits",2001
"Bank Attack",2007
"Barb and Star Go to Vista Del Mar",2021
"Barbarian",2022
"Barbershop 2 Back in Business",2004
"Barbie & Kendra Save the Tiger King",2020
"Barking Dogs Never Bite",2000
"Barry",2016
"Based on a True Story",2017
"Basquiat",1996
"Batman Assault on Arkham",2014
"Batman Death in the Family",2020
"Batman Soul of the Dragon",2021
"Batman Under the Red Hood",2010
"Batman v Superman Dawn of Justice",2016
"Be My Slave",2012
"Be Sure to Share",2009
"Be with Me",2005
"Beastie Boys",2008
"Beautiful & Twisted",2015
"Beavis and Butt-Head Do the Universe",2022
"Beckman",2020
"Becoming Jane",2007
"Beetle Queen Conquers Tokyo",2009
"Before the Fire",2020
"Being Dead",2021
"Believe Me The Abduction of Lisa McVey",2018
"Bernard and Huey",2018
"Best Friend",2020
"Best in Show",2000
"Bet On My Disco",2002
"Between Love and Hate",2006
"Beverly Hills Cop III",1994
"Bicycle Sighs",1990
"Big Bad Wolf",2006
"Billy Lynn's Long Halftime Walk",2016
"Birds of America",2008
"Bit",2019
"Bitter Moon",1992
"Black Dynamite",2009
"Black Eye",1974
"Black Is King",2020
"Black Mama, White Mama",1973
"Black Sunday",1960
"Black Widow",2021
"Blackhat",2015
"Blackjack",1998
"Blacklight",2022
"Blackout",2007
"BLACKPINK The Movie",2021
"Blended",2014
"Bless Me, Ultima",2013
"Blind",2019
"Blind Pig Who Wants to Fly",2008
"Blind Rage",1976
"Blinded by the Light",2019
"Blindspotting",2018
"Blockers",2018
"Blood and Bone",2009
"Blood Fest",2018
"Blood on Her Name",2020
"Blue Jasmine",2013
"Blues Brothers 2000",1998
"Boarding School",2018
"Bodies Bodies Bodies",2022
"Bokura wa aruku, tada soredake",2009
"Booksmart",2019
"Boomerang Family",2013
"Boss Level",2021
"Both Sides of the Blade",2022
"Boy",1969
"Boycott",2001
"Boys Don't Cry",1999
"Brainiac Transmissions After Zero",2019
"Braveheart",1995
"Bride & Prejudice",2004
"Bridget Everett Gynecological Wonder",2015
"Bright Angel",1990
"Bright Young Things",2003
"Broken City",2013
"Broken Flowers",2005
"Broker",2022
"Brooklyn's Finest",2010
"Bros",2022
"Brothers by Blood",2020
"Buffalo Boys",2018
"Bujang Lapok",1957
"Bullet Ballet",1999
"Bullet Train",2022
"Buñuel in the Labyrinth of the Turtles",2018
"Buoyancy",2019
"Burke & Hare",2010
"Burn It All",2021
"Business Ethics",2020
"But I'm a Cheerleader",2000
"Butter",2022
"By Quantum Physics A Nightlife Venture",2019
"By the Grace of God",2018
"Cabo Blanco",1980
"Cadence",1990
"Cadillac Records",2008
"Cake",2014
"Call Boy",2018
"Call Jane",2022
"Candyman",1992
"Candyman",2021
"Cargo",2017
"Carmen",2022
"Carnage",2011
"Carol",2015
"Casa Amor Exclusive for Ladies",2015
"Case of Kyoko, Case of Shuichi",2013
"Cashback",2006
"Cat People",1942
"Celebrity",1998
"Cello",2005
"Cesar Chavez",2014
"C'est Si Bon",2015
"Cha Cha Real Smooth",2022
"Champion",2018
"Character",2021
"Charlotte Gray",2001
"Charm City Kings",2020
"Check Point",2017
"Chemical Hearts",2020
"Cherry",2021
"Children of the Corn V Fields of Terror",1998
"Child's Play",1988
"Chinatown",1974
"Chinatown Kid",1977
"Chinese Zodiac",2012
"Chip 'n Dale Rescue Rangers",2022
"Chi-Raq",2015
"Chocolate",2008
"Choji Snack Bar",1983
"Choose or Die",2022
"Chopping Mall",1986
"Christmas in Vigala",1981
"Christmas With You",2022
"Chronicle of a Blood Merchant",2015
"Cinderella",2015
"Cinderella A Comic Relief Pantomime for Christmas",2020
"City on Fire",1987
"Cliff Walkers",2021
"Climbing to Spring",2014
"CODA",2021
"Code Name The Cleaner",2007
"Coffee and Cigarettes",2003
"Cold Comes the Night",2013
"Cold Fish",2010
"Cold Heaven",1992
"Collateral",2004
"Collateral Damage",2002
"Coming 2 America",2021
"Coming Home",2014
"Coming to America",1988
"Commando",1985
"Con Air",1997
"Conception",2011
"Confirmation",2016
"Contraband",1980
"Convergence",2017
"Copper Bill",2020
"Copycat",1995
"Corona Zombies",2020
"Corsage",2022
"Cosmopolis",2012
"Cow",2022
"Cracked",1992
"Crash",1996
"Crash",2005
"Crazy Famous",2017
"Crazy Joe",1974
"Crime + Punishment in Suburbia",2000
"Crime or Punishment!!!",2009
"Crimes of the Future",1970
"Crimes of the Future",2022
"Critical Care",1997
"Cruel Story of Youth",1960
"Cul-de-sac",1966
"Cure",1997
"Dachimawa Lee",2008
"Dance with the Wind",2004
"Dancing Queen",2012
"Dark Mirror of Magick The Vassago Millennium Prophecy",2012
"Dark Phoenix",2019
"Darkling",2022
"Dawn of the Dead",1978
"Day Trip",2012
"Dead Fire",1997
"Dead of Night",1945
"Dead Pigs",2018
"Dead Ringers",1988
"Dead Time",2007
"Deadbeat at Dawn",1988
"Dear Summer Sister",1972
"Death and the Maiden",1994
"Death at a Funeral",2007
"Decision to Leave",2022
"Decisive Match! Girls Dorm Against Boys Dorm",1988
"Deep Blue Sea 2",2018
"Deep Trap",2015
"Delete My Love",2014
"Demi Ucok",2013
"Derailed",2016
"Desperately Seeking Susan",1985
"Destiny The Tale of Kamakura",2017
"Detective K Secret of the Living Dead",2018
"Devil's Triangle",2021
"Diary of a Shinjuku Thief",1969
"Diary of Yunbogi",1965
"Dias Police Dirty Yellow Boys",2016
"Die Hard With a Vengeance",1995
"Dinner in America",2022
"Disclosure",2020
"Divergent",2014
"DOA Dead or Alive",2006
"Dog",2022
"Dolemite Is My Name",2019
"Dolls",1987
"Dongalunnaru Jagratha",2022
"Don't Fuck in the Woods",2016
"Don't Look Now",1973
"Don't Look Up",2021
"Don't Worry Darling",2022
"Doomsday Book",2012
"Doug Stanhope No Refunds",2007
"Drive My Car",2021
"D-Tox",2002
"Dwarves Kingdom",2015
"Dying to Belong",1997
"Earth vs. the Spider",2001
"Eastern Promises",2007
"Eat Drink Man Woman",1994
"Eight Below",2006
"Eight Gifts of Hanukkah",2021
"Elektra",2005
"Elizabeth",1998
"Elizabeth The Golden Age",2007
"Elvis",2022
"Emancipation",2022
"Embrace of the Serpent",2015
"Emergency",2022
"Emergency Declaration",2021
"Emma.",2020
"Emperor",2020
"Emperor of Hemp",1999
"Empire of Dust",2011
"Encanto",2021
"End of the Line",1987
"Ender's Game",2013
"Entrapment",1999
"Estamira",2004
"Eternal Beauty",2020
"Eternal Breasts",1955
"Eternals",2021
"Ethnic Notions",1986
"Eurocrime! The Italian Cop and Gangster Films That Ruled the '70s",2012
"Execution in Autumn",1972
"eXistenZ",1999
"Extremely Loud & Incredibly Close",2011
"Eyes of a Thief",2014
"Eyes Wide Shut",1999
"Fabricated City",2017
"Falling for Christmas",2022
"Family",2002
"Family Honor",1990
"Familyhood",2016
"Farha",2022
"Fashion King",2014
"Fast & Furious",2009
"Fast Company",1979
"Fasten Your Seatbelt",2013
"Faster",2010
"Fatal Beauty",1987
"Fatale",2020
"Father Stu",2022
"Father's Day",2003
"Fatman",2020
"FDR American Badass!",2012
"Fear and Loathing in Las Vegas",1998
"Female",2005
"Fences",2016
"Fight Back to School",1991
"Fight Club",1999
"Filosofi Kopi",2015
"Filth",2013
"Final Destination 2",2003
"Finding Rahmat",2017
"Finishing the Game The Search for a New Bruce Lee",2007
"Fire of Love",2022
"Fire! Trapped on the 37th Floor",1991
"Fires on the Plain",2015
"Fireworks from the Heart",2010
"First Kiss",1998
"First Sunday",2008
"Fish Tank",2009
"Fist & Faith",2017
"Five Element Ninjas",1982
"Flame in Valley",1967
"Fled",1996
"Flipped",2010
"Flux Gourmet",2022
"Fly By Night",2019
"Flypaper",2011
"Focus",1996
"For Love's Sake",2012
"For Sama",2019
"For the Love of Money",2012
"Forget Me Not",2009
"Foster Boy",2019
"Frantic",1988
"Freaky",2020
"Freedom Writers",2007
"Fright Night",1985
"From Dusk Till Dawn",1996
"From Paris with Love",2010
"From the Drain",1967
"Fukuoka",2020
"Fukuzawa Yukichi",1991
"Full Metal Jacket",1987
"Fun",1994
"Funny Games",2008
"Gabriel's Inferno",2020
"Gabriel's Inferno Part II",2020
"Galih & Ratna",2017
"Game Night",2018
"Genome Hazard",2014
"Geostorm",2017
"Get on the Bus",1996
"Get Rich or Die Tryin'",2005
"Gett The Trial of Viviane Amsalem",2014
"Getting It Back The Story Of Cymande",2022
"Ghostbusters",1984
"Ghosts of the Night",2014
"Giraffada",2014
"Girl Picture",2022
"Girl Rising",2013
"Girl Walks Into a Bar",2011
"Girlfriends",2009
"Glass",2019
"Gloria Bell",2018
"Gnomeo & Juliet",2011
"Goddamned Asura",2022
"God's Creatures",2022
"Gone in Sixty Seconds",2000
"Good Madam",2021
"Good Morning President",2009
"Good Will Hunting",1997
"Gosnell The Trial of America's Biggest Serial Killer",2018
"Greed",2020
"Green Fish",1997
"Green Room",2015
"Greenland",2020
"Greyhound",2020
"Grimcutty",2022
"Growth",2010
"Guardian",2014
"Guarding Tess",1994
"Guilty As Charged",1991
"Hail Satan!",2019
"Hallelujah",1997
"Halloween Kills",2021
"Hamlet",2000
"Hammer",1972
"Hammer",2019
"Hana's Miso Soup",2015
"Hanna",2011
"Hansel & Gretel",2007
"Happy Life",2007
"Happy Times",2000
"Haru",1996
"Haru An Unforgettable Day in Korea",2010
"Harvest of Despair",1985
"Hatching",2022
"Have a Little Faith",2011
"Haven",2004
"Hawa",2022
"Hazard",2005
"Haze",2005
"Hearts in Atlantis",2001
"Heat",1995
"Heaven",2002
"Hell Ride",2008
"Hell Up In Harlem",1973
"Hellraiser",2022
"Helmut Schmidt – Lebensfragen",2013
"Henry Portrait of a Serial Killer",1986
"Her Granddaughter",2015
"Here Are the Young Men",2021
"Hero",2002
"High Resolution",2018
"High School",2010
"High School High",1996
"Himizu",2011
"Hindsight",2011
"Hiruko the Goblin",1991
"Hit the Road",2021
"Hitman Agent 47",2015
"Hitman's Wife's Bodyguard",2021
"Hitokowa",2012
"Hocus Pocus 2",2022
"Hold the Dark",2018
"Hold Your Fire",2021
"Holiday in Seoul",1997
"Holy Spider",2022
"Home",2021
"Homecoming A Film by Beyoncé",2019
"Homeland",2014
"Honey 2",2011
"Honey Rise Up and Dance",2018
"Honeyland",2019
"Hong Kong Graffiti",1985
"Hope",2013
"Horror Stories",2012
"Horror Stories 2",2013
"How to Train Your Dragon 2",2014
"How to Train Your Dragon The Hidden World",2019
"Howling",2012
"Hugo",2011
"Human Highway",1982
"Hustle",2022
"Hustlers",2019
"Hwang Jin Yi",2007
"Hwayi A Monster Boy",2013
"I Am Afraid to Forget Your Face",2020
"I Am All Girls",2021
"I Am Keiko",1997
"I Am Michael",2015
"I Am Mother",2019
"I Am Sono Sion!",1985
"I Married a Strange Person!",1998
"I Not Stupid",2002
"I Still Know What You Did Last Summer",1998
"I Still See You",2018
"I Used to Go Here",2020
"Ice Age Collision Course",2016
"Ice Age Continental Drift",2012
"Ice Age Dawn of the Dinosaurs",2009
"Ice Age The Meltdown",2006
"If Beale Street Could Talk",2018
"If I Can't Have Love, I Want Power",2021
"Ilo Ilo",2013
"I'm a Cyborg, but That's OK",2006
"I'm Not There",2007
"I'm Reed Fish",2007
"Immanence",2022
"Impetigore",2019
"Impostor",2001
"In Love and the War",2011
"In Our Prime",2022
"In the Heart of the Machine",2022
"In the Realm of the Senses",1976
"In the Soup",1992
"In Vitro",2019
"Incantation",2022
"Indiana Jones and the Kingdom of the Crystal Skull",2008
"Infamous",2020
"INGtoogi The Battle of Internet Trolls",2013
"Inheritance",2020
"Injustice",2021
"Inland Empire",2006
"Innocent Blood",1992
"Insadong Scandal",2009
"Inside I'm Dancing",2004
"Inside Men",2015
"Insidious Chapter 2",2013
"Insomnia",2002
"Insurgent",2015
"Internal Affairs",1990
"Into a Dream",2005
"Into the Night",1985
"Inuyasha the Movie 2 The Castle Beyond the Looking Glass",2002
"Inuyasha the Movie 3 Swords of an Honorable Ruler",2003
"Inuyasha the Movie 4 Fire on the Mystic Island",2004
"Inuyasha the Movie Affections Touching Across Time",2001
"Inventing the Abbotts",1997
"Iron Jawed Angels",2004
"Ito",2021
"Jackson Bolt",2018
"Jalsa",2022
"James White",2015
"Jane Doe How to Fire Your Boss",2007
"Japanese Summer Double Suicide",1967
"Jazz Icons Dexter Gordon Live in '63 and '64",2007
"Jeepers Creepers Reborn",2022
"Jenny's Wedding",2015
"Jesus' Son",1999
"Jiu Jitsu",2020
"Johnny English Strikes Again",2018
"Johnny Skidmarks",1998
"Joint Security Area",2000
"Joni's Promise",2005
"Joomoonjin",2010
"Joshua",1976
"Journey's End",2017
"Ju Dou",1990
"Judy",2019
"Juice WRLD Into the Abyss",2021
"Jumpin' at the Boneyard",1991
"Just a Breath Away",2018
"Justice League War",2014
"K-9 P.I.",2002
"Kabul Express",2006
"Kagekiha opera",2016
"Kaidan Horror Classics",2010
"Kaili Blues",2016
"Kal Ho Naa Ho",2003
"Keep Watching",2017
"Kikyo",2004
"Killing Daddy",2014
"Killing Lincoln",2013
"Killing Zelda Sparks",2007
"King Cohen The Wild World of Filmmaker Larry Cohen",2018
"King Richard",2021
"Kiseki Sobito of That Day",2017
"Kiss Me Much",2001
"Knife in the Water",1962
"Knight of Cups",2015
"Knight Rider 2010",1994
"Knocked Up",2007
"Knucklehead",2010
"Kotoko",2011
"Kounterfeit",1996
"Kristin's Christmas Past",2013
"Kundo Age of the Rampant",2014
"Kyoto, My Mother's Place",1991
"L.A. Takedown",1989
"Lady in the Water",2006
"Lan Kwai Fong",2011
"Lan Kwai Fong 2",2012
"Lars and the Real Girl",2007
"Last Film Show",2022
"Last Man Standing",2011
"Last Night in Soho",2021
"Last Ounce of Courage",2012
"Le Grand Chef",2007
"Lean On Me",1989
"Leaving on the 15th Spring",2013
"Leprechaun in the Hood",2000
"Let Me In",2010
"Let the Right One In",2008
"Life After Life",2017
"Life of Pi",2012
"Like Mike 2 Streetball",2006
"Little Fish",2005
"Little Note",2009
"Little Pink House",2018
"Little Women",2019
"Little Woods",2018
"Live Goes On Grasshopper Concert 2017",2017
"Living the Utopia",1997
"Long Day's Journey Into Night",2018
"Long Live the King",2019
"Lorna Doone",2001
"Lost Illusions",2021
"Love & Basketball",2000
"Love & Peace",2015
"Love 911",2012
"Love and Monsters",2020
"Love at Sea",2018
"Love Detective",2015
"Love Exposure",2009
"Love Forecast",2015
"Love Now",2007
"Love You to the Stars and Back",2017
"Love, Antosha",2019
"Love's Whirlpool",2014
"Luce",2019
"Lucky Number Slevin",2006
"Lucy in the Sky",2019
"Lust, Caution",2007
"M. Butterfly",1993
"M+Other",1999
"Maborosi",1995
"Macbeth",1971
"Mad God",2022
"Made Men",1999
"Magic Camp",2020
"Maiden",2018
"Maiko Haaaan!!!",2007
"Major",2022
"Make the Last Wish",2009
"Mammals",1962
"Man of Steel",2013
"Man of Will",2017
"Man Up",2015
"Manhunter",1986
"Mapado",2005
"Maps to the Stars",2014
"Marcel the Shell with Shoes On",2022
"Mardock Scramble The First Compression",2010
"Mardock Scramble The Second Combustion",2011
"Mardock Scramble The Third Exhaust",2012
"Margin Call",2011
"Maria and the Inn",1997
"Marona's Fantastic Tale",2020
"Marriage Blue",2013
"Marrowbone",2017
"Martial Club",1981
"Martyrs",2008
"Mary and Martha",2013
"M-A-S-H",1970
"Massenet Cendrillon",2018
"Max My Love",1986
"Me and My Mates vs. The Zombie Apocalypse",2015
"Me You Madness",2021
"Medieval",2022
"Mee Pok Man",1995
"Meek's Cutoff",2010
"Megan Leavey",2017
"Memoria",2021
"Memories of the Sword",2015
"Memory Box",2022
"Mere Desh Ki Dharti",2022
"Merry Christmas, Mr. Lawrence",1983
"Miami Vice",2006
"Midnight FM",2010
"Midnight in the Switchgrass",2021
"Miracle Mile",1988
"Misbehavior",2016
"Misery",1990
"Miss Peregrine's Home for Peculiar Children",2016
"Missing Home",2022
"Mo' Money",1992
"Model Minority",2012
"Mom Has a New Boyfriend",1995
"Mona Lisa and the Blood Moon",2022
"Monos",2019
"Monster",2021
"Monsters of Man",2020
"Moonfall",2022
"Mortal",2020
"Mortal Kombat",2021
"Mostly Ghostly Have You Met My Ghoulfriend!",2014
"Motel Cactus",1997
"Mother",1990
"Mother",2009
"Moving On",2020
"Mowgli Legend of the Jungle",2018
"Mr. Go",2013
"Mr. Perfect",2014
"Mr. Warmth The Don Rickles Project",2007
"Mulan",2020
"Muppets Most Wanted",2014
"Murder on the Orient Express",2017
"Murderer",2013
"Murina",2022
"My Bellett",1964
"My Brilliant Life",2014
"My Cousin Vinny",1992
"My Generation",2017
"My Magic",2008
"My Policeman",2022
"My Wife Is a Superstar",2016
"Mystic Pizza",1988
"Naked Massacre",1976
"Nameless Gangster",2012
"Nanny McPhee and the Big Bang",2010
"National Security",2012
"Natural City",2003
"Neat The Story of Bourbon",2018
"Neighboring Sounds",2012
"Never Ending Story",2012
"Never Sleep Again The Elm Street Legacy",2010
"New Trial",2017
"New World",2013
"New Year's Eve",2011
"Night and Fog in Japan",1960
"Night of the Living Dead",1968
"Night of the Living Dead Re-Animation",2012
"Night Vision",1997
"Nightmare Detective 2",2008
"Nine Days",2021
"No Doubt - Live In The Tragic Kingdom",1997
"No Postage Necessary",2018
"No Time to Die",2021
"No Tomorrow",2016
"No Way Out",1987
"No. 3",1997
"Non-Stop",2014
"Nope",2022
"Not One Less",1999
"Not Today",2021
"Notes on a Scandal",2006
"Nothing Serious",2021
"Numb",2015
"Nurse's Sex Journal",1976
"O",2001
"O.G.",2018
"Obsessed",2014
"Obsession",2019
"Ocean's Eight",2018
"Oddball",2015
"Ode to Nothing",2018
"Oh, My Buddha!",2009
"Oliver Twist",2005
"Once Upon a Time… in Hollywood",2019
"One False Move",1992
"One for the Road",2022
"One on One",2014
"One Second",2020
"One Starry Christmas",2014
"One Sunny Day",2014
"Ong Bak 2",2008
"Ong Bak 3",2010
"Ong Bak Muay Thai Warrior",2003
"On-Gaku Our Sound",2020
"Only Lovers Left Alive",2013
"Operation Cupcake",2012
"Operation Mincemeat",2022
"Ordinary People",2018
"Original Gangstas",1996
"Oscar",1991
"Oscar and Lucinda",1997
"Otakus in Love",2004
"Other People",2016
"Our America",2002
"Our Family Wedding",2010
"Our Homeland",2012
"Our Little Sister",2015
"Out of the Wind",2007
"Outland",1981
"Outside the Wire",2021
"P.S. I Love You",2007
"Paid in Full",2002
"Pain and Glory",2019
"Pained",2011
"Paju",2009
"Pandemic",2016
"Pandora",2016
"Pandorum",2009
"Paradise Road",1997
"Paris Je T'aime",2006
"Parts Per Billion",2014
"Pathfinder",2007
"Patriots Day",2016
"Peeping Tom",1960
"Penelope",2006
"Peninsula",2020
"Peppermint",2018
"Perfect Game",2011
"Perfect High",2015
"Perfect Proposal",2015
"Petal Dance",2013
"Pete Davidson SMD",2016
"Petty Romance",2010
"Phallus The Man",1998
"Phantom of the Paradise",1974
"Picture Perfect Mysteries Exit Stage Death",2020
"Pink Floyd Behind the Wall",2011
"Pinocchio",2019
"Pirates",1986
"Pirates of the Caribbean At World's End",2007
"Pirates of the Caribbean Dead Man's Chest",2006
"Pirates of the Caribbean Dead Men Tell No Tales",2017
"Pirates of the Caribbean On Stranger Tides",2011
"Pirates of the Caribbean The Curse of the Black Pearl",2003
"Plainsong",2004
"Play Dead",2009
"Playhouse",2021
"Pledge This!",2006
"Poisson d'Avril",1986
"Police Story 2",1988
"Pop Aye",2017
"Possessor Uncut",2020
"Post Grad",2009
"Premature",2014
"Presumed Innocent",1990
"Primary Colors",1998
"Prisoners of the Ghostland",2021
"Project X",2012
"Public Enemies",2009
"Puff, Puff, Pass",2006
"Pumpkin",2002
"Punch",2011
"Punk's Dead SLC Punk 2",2016
"Puppet Master Axis Termination",2017
"Pure",2009
"Pushing Hands",1991
"Pushing Tin",1999
"Quarries",2016
"Queen of Katwe",2016
"Quick",2011
"R100",2013
"Rabbit and Deer",2013
"Race to Freedom Um Bok-dong",2019
"Race with the Devil",1975
"Radiance",2017
"Radio Dayz",2008
"Radioactive",2020
"Raise the Red Lantern",1991
"RangiTaranga",2015
"Raspberry Magic",2010
"Raw Force",1982
"Ray & Liz",2018
"Ray",2004
"Raya and the Last Dragon",2021
"Real",2017
"Real Talk",2021
"Real Women Have Curves",2002
"Red Dawn",2012
"Red Dust",2004
"Red Mist",2008
"Red Post on Escher Street",2020
"Red Road",2007
"Regeneration",1997
"Remember Sunday",2013
"Reminiscence",2017
"Requiem for a Dream",2000
"Resurrecting the Champ",2007
"Resurrection",2022
"Retribution",2006
"Reunion Z",2018
"ReVamped",2007
"Revenge of the Pontianak",2019
"Ride",2018
"Ride with the Devil",1999
"Riding Alone for Thousands of Miles",2005
"Righting Wrongs",1986
"Rim of the World",2019
"Ritual",2012
"Road House 2 Last Call",2006
"Roald Dahl's The Witches",2020
"Robin Hood",2010
"Rock, Paper, Scissors",2017
"Rocketman",2019
"Rockin' on Heaven's Door",2013
"Rogue One A Star Wars Story",2016
"Rojo",2018
"Roll'em",2019
"Romantic Heaven",2011
"Romeo Is Bleeding",1993
"Rouge",1987
"Rough Play",2013
"Royal Warriors",1986
"RRR",2022
"Rubin & Ed",1991
"Rules of the Game",1994
"Rumble in the Bronx",1995
"Run the Race",2019
"Running Man",2013
"Run-Off",2016
"Runway 34",2022
"Rushmore",1998
"Saint Judy",2019
"Santana",2020
"Satan's Slaves",2017
"Satoshi Kon The Illusionist",2021
"Saving Leningrad",2019
"Scanners",1981
"Scarlet Innocence",2014
"Schlock",1973
"Scoob!",2020
"Scream",1996
"Scream",2022
"Scream 2",1997
"Scream 3",2000
"Scream 4",2011
"Sea Fog",2014
"Seberg",2019
"Secret Reunion",2010
"Secret Sunshine",2007
"Seniman Bujang Lapok",1961
"Senna",2010
"Sense and Sensibility",1995
"Set Play",2020
"Sex and Broadcasting",2014
"Shades of the Heart",2021
"Shaft",2000
"Shang-Chi and the Legend of the Ten Rings",2021
"Shanghai Triad",1995
"Shaolin Prince",1982
"She Said",2022
"Sherdil The Pilibhit Saga",2022
"She's on Duty",2005
"Shinjuku Swan",2015
"Shinjuku Swan II",2017
"Shiri",1999
"Shirkers",2018
"Shivers",1975
"Shock",2006
"Shopping Tour",2013
"Short Cuts",1993
"Show Boat",1936
"Sibling Topics (Section A)",2009
"Sicario Day of the Soldado",2018
"Silkwood",1983
"Sin City",2005
"Sing a Song of Sex",1967
"Singapore Dreaming",2006
"Skeletons in the Closet",2007
"Skin Game",1971
"Skinwalkers",2006
"Skylab",2021
"Skylines",2020
"Slash",2016
"Sleight",2016
"Slice",2018
"Sling Blade",1996
"Slow Burn",2005
"Smile",2022
"Snake Eyes G.I. Joe Origins",2021
"Snatch Up",2018
"Snipers",2022
"Snow Paths",2016
"Snowden",2016
"Sollers Point",2017
"Someone",2016
"Sometimes They Come Back. Again",1996
"Son of Frankenstein",1939
"Son of Rambow",2007
"Song Lang",2018
"Song to Song",2017
"Sorcerer",1977
"Sorry For Your Loss",2018
"Soul",2020
"Soul Food",1997
"Source Code",2011
"Southbound",2015
"Space Is the Place",1974
"Space Jam A New Legacy",2021
"Spark A Space Tail",2016
"Sparkle",2012
"Special Correspondents",2016
"Special Delivery",2022
"Species II",1998
"Speed Racer",2008
"Spider",2002
"Spider-Man 2",2004
"Spielberg",2017
"Spies Like Us",1985
"Spirited",2022
"Spirited Away",2001
"Sprinter",2019
"Stan & Ollie",2018
"Star Trek",2009
"Star Trek Beyond",2016
"Star Trek Into Darkness",2013
"Stargate The Ark of Truth",2008
"Stars & Bars",1988
"Starsky & Hutch",2004
"Starstruck",2010
"Start-Up",2019
"State of Emergency",2020
"State of Play",2009
"Steel City",2006
"Steel Cold Winter",2013
"Stereo (Tile 3B of a CAEE Educational Mosaic)",1969
"Steve-O Gnarly",2020
"Still Here",2020
"Still Tomorrow",2017
"Still Walking",2008
"Stomp the Yard",2007
"Strange Circus",2005
"Stray Dog Kerberos Panzer Cops",1991
"Street Fighter The Legend of Chun-Li",2009
"Street Kings 2 Motor City",2011
"Streets of Fire",1984
"Streets of Gold",1986
"Strings",2004
"Suatu Ketika",2019
"Submerged",2000
"Submergence",2017
"Subway Stories Tales from the Underground",1997
"Suicide Club",2001
"Suicide Squad",2016
"Suicide Squad Hell to Pay",2018
"Sun Above, Death Below",1968
"Sunny",2011
"Sunny Daze",2019
"Sunshine",2007
"Superintelligence",2020
"Superman Man of Tomorrow",2020
"Suspect",1987
"Suspect Zero",2004
"Suspiria",1977
"Sweet & Sour",2021
"Sweet Girl",2021
"Sweet Little Lies",2010
"Syriana",2005
"Taboo",1999
"Take a Hard Ride",1975
"Take Off",2009
"Taking Woodstock",2009
"Tales from the Grave The Movie",2020
"Tales of an Immoral Couple",2016
"Tales of the Uncanny",2020
"Tallulah",2016
"Taxi Driver",1976
"Taylor Tomlinson Look at You",2022
"Tazza The Hidden Card",2014
"Teachers of Sexual Play Modelling Vessels with the Female Body",2000
"Teenage Cocktail",2016
"Tell",2014
"Tell Me That You Love Me, Junie Moon",1970
"Tenderness of the Wolves",1973
"Tenet",2020
"Term Life",2016
"Terminator Salvation",2009
"Terrifier",2016
"Terrifier 2",2022
"Terror in the Family",1996
"Tess",1979
"Tetsuo II Body Hammer",1992
"Tetsuo The Bullet Man",2009
"The 6th Day",2000
"The 24th",2020
"The 317th Platoon",1965
"The 355",2022
"The Abyss",1989
"The Adventure of Denchu-Kozo",1987
"The Affair of the Necklace",2001
"The Age of Shadows",2016
"The Amazing Spider-Man",2012
"The Ambush",2021
"The Assassination of Richard Nixon",2004
"The Attorney",2013
"The Aviator",2004
"The Bad Guys",2022
"The Bad Guys Reign of Chaos",2019
"The Banishing",2021
"The Bastard and the Beautiful World",2018
"The Batman",2022
"The Battle at Lake Changjin Water Gate Bridge",2022
"The Battleship Island",2017
"The Beauty In Dream",2002
"The Beauty Inside",2015
"The Beniker Gang",1985
"The Berlin File",2013
"The Best Plan Is No Plan",2013
"The Big Score",1990
"The Big Swindle",2004
"The Big Ugly",2020
"The Binge",2020
"The Black Dahlia",2006
"The Black Phone",2022
"The Blues Brothers",1980
"The Bounce Back",2016
"The Boy Friend",1971
"The Boys in the Band",2020
"The Brood",1979
"The Bros",2017
"The Bubble",2022
"The Canyon",2009
"The Catch",1961
"The Cave",2019
"The Ceremony",1971
"The Chambermaid",2018
"The Chef of South Polar",2009
"The Christian Revolt",1962
"The Christmas Chronicles Part Two",2020
"The Chronicles of Evil",2015
"The City of Betrayal",2016
"The Clapper",2018
"The Client",1994
"The Concubine",2012
"The Conjuring",2013
"The Conjuring 2",2016
"The Conjuring The Devil Made Me Do It",2021
"The Conspirator",2010
"The Contractor",2022
"The Core",2003
"The Crazies",2010
"The Crazy Ray",1925
"The Crossing",2014
"The Crossing II",2015
"The Curious Case of Benjamin Button",2008
"The Dalton Gang",2020
"The Dark and the Wicked",2020
"The Day a Pig Fell Into the Well",1996
"The Dead Want Women",2012
"The Decline",2020
"The Descent",2005
"The Devil You Know",2022
"The Devil's Backbone",2001
"The Devil's Plaything",1973
"The Disappearance of Eleanor Rigby Her",2014
"The Disappearance of Eleanor Rigby Him",2014
"The Disappearance of Eleanor Rigby Them",2014
"The Doorman",2020
"The Drug King",2018
"The DUFF",2015
"The Duke",2021
"The Edge of Democracy",2019
"The Editor",2014
"The Face Reader",2013
"The Fast and the Furious",2001
"The Fat and the Lean",1961
"The Fault in Our Stars",2014
"The First Girl I Loved",2021
"The First Power",1990
"The Five",2013
"The Five Heartbeats",1991
"The Five Venoms",1978
"The Flowers of War",2011
"The Flu",2013
"The Fly",1986
"The Fog",1980
"The Forbidden Door",2009
"The Foreign Duck, the Native Duck and God in a Coin Locker",2007
"The Forest of Love",2019
"The Forgotten Imperial Army",1963
"The Foul King",2000
"The Fourth Kind",2009
"The Free Fall",2021
"The French Dispatch",2021
"The Furnace",2020
"The Garden of Allah",1936
"The Gathering",2003
"The Gentlemen",2019
"The Ghost Writer",2010
"The Gift",2000
"The Golden Holiday",2020
"The Good German",2006
"The Good Guy",2009
"The Good Nurse",2022
"The Good, the Bad, the Weird",2008
"The Grandmaster",2013
"The Great Actor",2016
"The Great Garrick",1937
"The Great Wall",2016
"The Great Yokai War –Guardians–",2021
"The Gunman",2015
"The Hangover",2009
"The Hangover Part II",2011
"The Hangover Part III",2013
"The Harder They Fall",2021
"The Heiresses",2018
"The Historian",2014
"The Hit List",1993
"The Hobbit An Unexpected Journey",2012
"The Hobbit The Battle of the Five Armies",2014
"The Hobbit The Desolation of Smaug",2013
"The Homesman",2014
"The House of the Devil",2009
"The House of Tomorrow",2017
"The House with a Clock in Its Walls",2018
"The Human Stain",2003
"The Hunger Games Catching Fire",2013
"The Hunger Games Mockingjay - Part 1",2014
"The Hunger Games Mockingjay - Part 2",2015
"The Hunt",2020
"The Huntresses",2014
"The Ice Age Adventures of Buck Wild",2022
"The Ice Storm",1997
"The Ides of March",2011
"The Inevitable Defeat of Mister & Pete",2013
"The Infernal Walker",2020
"The Inglorious Bastards",1978
"The Insider",1999
"The Invasion",2007
"The Jade and the Pearl",2010
"The Jericho Mile",1979
"The Jungle Book",2016
"The Keep",1983
"The Kentucky Fried Movie",1977
"The Kid Who Would Be King",2019
"The Kingmaker",2019
"The King's Letters",2019
"The King's Man",2021
"The Kiss Before the Mirror",1933
"The Lady Is the Boss",1983
"The Land of Hope",2012
"The Last Airbender",2010
"The Last Black Man in San Francisco",2019
"The Last Duel",2021
"The Last of the Mohicans",1992
"The Last Station",2009
"The Last Victim",2022
"The Last Witch Hunter",2015
"The Legend of Gingko",2000
"The Lego Movie 2 The Second Part",2019
"The Life Aquatic with Steve Zissou",2004
"The Lighthouse",2019
"The List",2007
"The Little Things",2021
"The Lonely 1900",2020
"The Loss of a Teardrop Diamond",2008
"The Lost",2006
"The Love Witch",2016
"The Mafia, The Salesman",2007
"The Magician",2015
"The Magnificent Seven",2016
"The Man from the Future",2011
"The Man in the Iron Mask",1939
"The Man Who Cried",2000
"The Manchurian Candidate",2004
"The Mass Violation",1968
"The Matrix Resurrections",2021
"The Matsugane Potshot Affair",2007
"The Mayor",2017
"The Merciless",2017
"The Midnight Sky",2020
"The Missing",2003
"The Monuments Men",2014
"The Moon Has Risen",1955
"The Mothman Prophecies",2002
"The Mourning Forest",2007
"The Mummy",1932
"The Mustang",2019
"The Negotiation",2018
"The Neighbors",2012
"The New Barbarians",1983
"The New Mutants",2020
"The New One-Armed Swordsman",1971
"The Next Karate Kid",1994
"The Night of the Hunter",1955
"The Ninth Gate",1999
"The Noel Diary",2022
"The November Man",2014
"The Nowhere Inn",2021
"The Nun",2018
"The Old Dark House",1932
"The Old Garden",2006
"The Omen",1976
"The Orphanage",2007
"The Outlaws",2017
"The Owners",2020
"The Package",1989
"The Perfect Man",2005
"The Phantom of the Opera",1925
"The Phone",2015
"The Pianist",2002
"The Pirates",2014
"The Pirates The Last Royal Treasure",2022
"The Poem of Hayachine Valley",1982
"The Policeman's Lineage",2022
"The Postman",1997
"The Power of Few",2013
"The President's Barber",2004
"The President's Last Bang",2005
"The Priests",2015
"The Princess and the Matchmaker",2018
"The Prison",2017
"The Protector",2005
"The Public",2019
"The Puppet Masters",1994
"The Queens",2015
"The Quiet Girl",2022
"The Raid",2012
"The Raid 2",2014
"The Rapture",1991
"The Reaping",2007
"The Record",2000
"The Red Spectacles",1987
"The Relation of Face, Heart and Love",2009
"The Resident",2011
"The Ring Finger",2005
"The Rites of Magick",2011
"The Road Home",1999
"The Room",1992
"The Royal",2022
"The Royal Tailor",2014
"The Runaways",2010
"The Sadness",2021
"The Samurai That Night",2012
"The Scent of Rain & Lightning",2018
"The School for Good and Evil",2022
"The Scribbler",2014
"The Sea Beast",2022
"The Second Bullet is Marked",1960
"The Secret of Oz",2009
"The Secret Scandal",2013
"The Servant",2010
"The Sessions",2012
"The Seven Days",2008
"The Seventh Curse",1986
"The Shaolin Plot",1977
"The Shipping News",2001
"The Show Must Go On",2007
"The Sinking City Capsule Odyssey",2017
"The Sisterhood of the Traveling Pants",2005
"The Sisterhood of the Traveling Pants 2",2008
"The Skin I Live In",2011
"The Sleepover",2020
"The Soul-Mate",2018
"The Sound of a Flower",2015
"The Space Between Us",2017
"The Spirit",2008
"The Spitfire Grill",1996
"The SpongeBob Movie Sponge on the Run",2020
"The Story of Qiu Ju",1992
"The Stupids",1996
"The Submarine Kid",2016
"The Suicide Squad",2021
"The Sun's Burial",1960
"The Suspect",2013
"The Talented Mr. Ripley",1999
"The Target",2014
"The Temp",1993
"The Terror Live",2013
"The Texas Chain Saw Massacre",1974
"The Thing",1982
"The Throne",2015
"The Tickle King",2017
"The Timekeepers of Eternity",2021
"The Tomorrow War",2021
"The Trial",2018
"The Turning",2013
"The Tuskegee Airmen",1995
"The Underdog",2019
"The Underdogs",2017
"The Unfair",2015
"The Unforgivable",2021
"The Unholy",2021
"The Unjust",2010
"The Valet",2022
"The Virgin Psychics",2015
"The Virtuoso",2021
"The Vow",2012
"The Wasteland",2022
"The Wedding Banquet",1993
"The Whispering Star",2015
"The Whistleblower",2014
"The Wicker Man",1973
"The Wild Pear Tree",2018
"The Witch",2015
"The Witness",2018
"The Wolf Man",1941
"The Wolf of Wall Street",2013
"The Wolfman",2010
"The Woman King",2022
"The Woodsman and the Rain",2011
"The World of Us",2016
"The World's Most Beautiful Swindlers",1964
"The Worst Man of My Life",2007
"The Youth",2014
"There Are No Saints",2022
"Thief",1981
"Things Never Said",2013
"Thinner",1996
"Thirteen Lives",2022
"This Christmas",2007
"This World, Then the Fireworks",1997
"This Year's Love",1962
"Thor Ragnarok",2017
"Thoroughbreds",2018
"Those Who Wish Me Dead",2021
"Three Husbands",2018
"Three Kings",1999
"Three Resurrected Drunkards",1968
"Three Sassy Sisters",2016
"Three the Hard Way",1974
"Thriller",2018
"Thundering Ninja",1987
"Time Freak",2018
"Timeless Bottomless Bad Movie",1997
"Titane",2021
"Titus",1999
"To Each His Own Cinema",2007
"To Singapore, with Love",2013
"To Take A Wife",2004
"To the Wonder",2013
"Together",2021
"Tokyo Fist",1995
"Tokyo Sonata",2008
"Tokyo Tribe",2014
"Tokyo Vampire Hotel",2017
"Tokyo!",2008
"Tom & Jerry",2021
"Too Late to Die Young",2018
"Top Gun",1986
"Top Gun Maverick",2022
"Tornado Girl",2017
"Torso",2009
"Trade Your Love",2019
"Trader",1987
"Trance",2013
"Transformers",2007
"Transformers Dark of the Moon",2011
"Transformers Revenge of the Fallen",2009
"Transit",2018
"Trial by Jury",1994
"Triangle of Sadness",2022
"Trio",1997
"Trolls World Tour",2020
"Trophy Heads",2014
"True Romance",1993
"Trumbo",2015
"Truth",2015
"Try to Remember",2010
"Tuck Everlasting",2002
"Twenty",2015
"Twilight Zone The Movie",1983
"Two Men and a Wardrobe",1958
"Two Painters",1989
"Two Portraits of MIYAGINO",2010
"Ukiyo-e Artist",1968
"Unbowed",2011
"Uncharted",2022
"Under the Hawthorn Tree",2010
"Underground",2011
"Uninvited Guest",1999
"Unknown Origins",2020
"Unlucky Plaza",2014
"Unseen Enemy",2017
"Unstoppable",2018
"Untitled Horror Movie",2021
"Untouchable Lawmen",2015
"Upgrade",2018
"Utsushimi",2000
"Vampire Academy",2014
"Vampire Cop Ricky",2006
"Vampire Girl vs. Frankenstein Girl",2009
"Vampyr",1932
"Vanguard",2020
"Vanquish",2021
"Variety",1985
"Venom Let There Be Carnage",2021
"Venus in Fur",2013
"Venus Talk",2014
"Veronica Guerin",2003
"Veteran",2015
"Victor Frankenstein",2015
"Vigilante",1983
"Vikram",2022
"Violence at Noon",1966
"Violet & Daisy",2011
"Virgin Stripped Bare by Her Bachelors",2000
"Vital",2004
"Voyage of Time Life's Journey",2017
"W.",2008
"Waiting to Exhale",1995
"War of the Arrows",2011
"Warrior of the Lost World",1983
"Warrior Spirit",2021
"Warriors of the Year 2072",1984
"Watch Me When I Kill",1977
"Waterloo Bridge",1931
"We Are Little Zombies",2019
"We Have Your Husband",2011
"Welcome to Me",2014
"Welcome to Sudden Death",2020
"Welcome to the Punch",2013
"We'll Never Have Paris",2014
"Wendy and Lucy",2008
"West Side Story",2021
"Wet Season",2019
"What They Had",2018
"What!",1972
"Whatever It Takes",1998
"What's Your Number!",2011
"When Angels Fall",1959
"When Geek Meets Serial Killer",2015
"Where Eagles Dare",1968
"Where the Crawdads Sing",2022
"Where'd You Go, Bernadette",2019
"Whiplash",2014
"White Badge",1992
"White Elephant",2022
"Who Are You, Charlie Brown!",2021
"Who We Are Now",2018
"Why Don't You Play in Hell!",2013
"Wicked",1998
"Wicked Lake",2008
"Widows",2018
"Wild Rose",2018
"Wildcats",1986
"Will You Be There",2016
"Wimbledon",2004
"Win a Date with Tad Hamilton!",2004
"Wish Dragon",2021
"Wishmaster 3 Beyond the Gates of Hell",2001
"Witchfinder General",1968
"Wolves",2016
"Woman at War",2018
"Wonder Boys",2000
"Wonder Woman 1984",2020
"Wonderful Nightmare",2015
"Woochi The Demon Slayer",2009
"World War Z",2013
"Would You Rather",2012
"Wounds",2019
"Wrath of Man",2021
"Wrong Turn",2021
"Wuthering Heights",2011
"X+Y",2014
"X-Men Apocalypse",2016
"X-Men First Class",2011
"Yakiniku Dragon",2018
"Yellow Elephant",2013
"YMCA Baseball Team",2002
"You Are My Sunshine",2005
"You Get Me",2017
"You Won't Be Alone",2022
"You're Next",2011
"You're Not You",2014
"You're Under Arrest The Movie",1999
