Position,Name,Year,URL,Description
1,Spirited Away,2001,https://boxd.it/2b4m,
2,Alien,1979,https://boxd.it/2awY,
3,Anne of Green Gables,1985,https://boxd.it/1Ihm,
4,Perfect Blue,1997,https://boxd.it/1W7A,
5,The Thing,1982,https://boxd.it/294O,
6,Chinatown,1974,https://boxd.it/29vU,
7,Fargo,1996,https://boxd.it/2aHM,
8,Blade Runner,1982,https://boxd.it/2bcA,
9,Cool Hand Luke,1967,https://boxd.it/29jY,
10,On the Waterfront,1954,https://boxd.it/29TC,
11,Ran,1985,https://boxd.it/1Tlu,
12,No Country for Old Men,2007,https://boxd.it/21ew,
13,Nausicaä of the Valley of the Wind,1984,https://boxd.it/2bc6,
14,Roma,2018,https://boxd.it/f69M,
15,Apocalypse Now,1979,https://boxd.it/6ZS,
16,Raging Bull,1980,https://boxd.it/28yI,
17,Blade Runner 2049,2017,https://boxd.it/b8wK,
18,The Silence of the Lambs,1991,https://boxd.it/2aHW,
19,Harvey,1950,https://boxd.it/1T5w,
20,Come and See,1985,https://boxd.it/1w9q,
21,Fantastic Mr. Fox,2009,https://boxd.it/1WyQ,
22,The Apartment,1960,https://boxd.it/2aGE,
23,A Fish Called Wanda,1988,https://boxd.it/29YC,
24,Stalker,1979,https://boxd.it/28PO,
25,Drive My Car,2021,https://boxd.it/sv94,
26,It's Such a Beautiful Day,2012,https://boxd.it/hCY2,
27,The Music Room,1958,https://boxd.it/29x2,
28,The Sting,1973,https://boxd.it/1Z5s,
29,Gett: The Trial of Viviane Amsalem,2014,https://boxd.it/87Lo,
30,The Social Network,2010,https://boxd.it/17ue,
31,Everything Everywhere All at Once,2022,https://boxd.it/jUk4,
32,Ace in the Hole,1951,https://boxd.it/1vXk,
33,I'm Thinking of Ending Things,2020,https://boxd.it/i4IQ,
34,Modern Times,1936,https://boxd.it/25MC,
35,Eraserhead,1977,https://boxd.it/299u,
36,Liz and the Blue Bird,2018,https://boxd.it/hksW,
37,Paprika,2006,https://boxd.it/23wW,
38,Big Trouble in Little China,1986,https://boxd.it/21em,
39,Die Hard,1988,https://boxd.it/2a7u,5.0 star threshold ( 4%)
40,Wolfwalkers,2020,https://boxd.it/fGrC,
41,Persona,1966,https://boxd.it/29B4,
42,La Haine,1995,https://boxd.it/2as8,
43,It Happened One Night,1934,https://boxd.it/25Ng,
44,Jurassic Park,1993,https://boxd.it/2aA2,
45,Jaws,1975,https://boxd.it/2a5e,
46,Predator,1987,https://boxd.it/2b84,
47,Monster,2003,https://boxd.it/2afy,
48,Ratatouille,2007,https://boxd.it/27ww,
49,The Bourne Identity,2002,https://boxd.it/26EO,
50,Mulholland Drive,2001,https://boxd.it/297o,
51,Akira,1988,https://boxd.it/2b1i,
52,Lilo & Stitch,2002,https://boxd.it/1TAY,
53,The Emperor's New Groove,2000,https://boxd.it/1Tey,
54,The Fly,1986,https://boxd.it/1YIe,
55,F for Fake,1973,https://boxd.it/VxA,
56,Princess Mononoke,1997,https://boxd.it/2b4w,
57,Ashes and Diamonds,1958,https://boxd.it/23q0,
58,The Deer Hunter,1978,https://boxd.it/1T6O,
59,The Evil Dead,1981,https://boxd.it/29Go,
60,Reservoir Dogs,1992,https://boxd.it/2agc,
61,Groundhog Day,1993,https://boxd.it/2b3e,
62,RoboCop,1987,https://boxd.it/22Wu,
63,Evil Dead II,1987,https://boxd.it/29Ge,
64,American Psycho,2000,https://boxd.it/28Vs,
65,La Jetée,1962,https://boxd.it/29Sk,
66,The Night of the Hunter,1955,https://boxd.it/25HW,
67,28 Days Later,2002,https://boxd.it/2aXU,
68,Mad Max: Fury Road,2015,https://boxd.it/2DjO,
69,Song of the Sea,2014,https://boxd.it/3Ic6,
70,The Shape of Water,2017,https://boxd.it/dZ5m,
71,City of God,2002,https://boxd.it/2a2a,
72,Sunset Boulevard,1950,https://boxd.it/2a20,
73,12 Angry Men,1957,https://boxd.it/2auI,
74,Holiday,1938,https://boxd.it/1Ks2,
75,Rashomon,1950,https://boxd.it/2a9K,
76,"Sherlock, Jr.",1924,https://boxd.it/298m,
77,Pulp Fiction,1994,https://boxd.it/29Pq,
78,Jackie Brown,1997,https://boxd.it/2aVO,
79,Paddington 2,2017,https://boxd.it/bCF8,
80,A Brighter Summer Day,1991,https://boxd.it/1Luy,
81,There Will Be Blood,2007,https://boxd.it/20Z2,
82,The Father,2020,https://boxd.it/m8Ie,
83,Tokyo Godfathers,2003,https://boxd.it/1Qg2,
84,Men in Black,1997,https://boxd.it/2a0I,
85,The Elephant Man,1980,https://boxd.it/27LQ,
86,Misery,1990,https://boxd.it/28gY,
87,Rear Window,1954,https://boxd.it/2a6Q,
88,"Planes, Trains and Automobiles",1987,https://boxd.it/26zE,
89,Eternal Sunshine of the Spotless Mind,2004,https://boxd.it/6YK,
90,The Philadelphia Story,1940,https://boxd.it/29a8,
91,Pickpocket,1959,https://boxd.it/29O8,
92,Elephant,2003,https://boxd.it/287i,
93,The Wicker Man,1973,https://boxd.it/1KnG,
94,Isle of Flowers,1989,https://boxd.it/POU,
95,The Conversation,1974,https://boxd.it/2a38,
96,Pan's Labyrinth,2006,https://boxd.it/28No,
97,Death at a Funeral,2007,https://boxd.it/27dO,
98,Napoleon Dynamite,2004,https://boxd.it/20wu,
99,Double King,2017,https://boxd.it/g2Sq,
100,Dawn of the Dead,1978,https://boxd.it/29gU,
101,The Graduate,1967,https://boxd.it/18Im,
102,District 9,2009,https://boxd.it/1Iik,
103,Halloween,1978,https://boxd.it/2wRu,
104,The Lion King,1994,https://boxd.it/201Q,
105,Léon: The Professional,1994,https://boxd.it/2b8S,
106,The Matrix,1999,https://boxd.it/2a1m,
107,The House Is Black,1963,https://boxd.it/STe,
108,Escape from New York,1981,https://boxd.it/294k,
109,Moon,2009,https://boxd.it/1IGQ,
110,Glengarry Glen Ross,1992,https://boxd.it/1Yw8,
111,Koyaanisqatsi,1982,https://boxd.it/1U9E,
112,WarGames,1983,https://boxd.it/29qU,
113,The Day the Earth Stood Still,1951,https://boxd.it/29w4,
114,Taxi Driver,1976,https://boxd.it/2b8y,
115,"Hi, How Are You Daniel Johnston?",2015,https://boxd.it/fxAA,
116,Spider-Man: Into the Spider-Verse,2018,https://boxd.it/azpY,
117,Scream,1996,https://boxd.it/24EC,
118,Dr. Strangelove or: How I Learned to Stop Worrying and Love the Bomb,1964,https://boxd.it/29eY,
119,Pi,1998,https://boxd.it/2ajq,
120,Unforgiven,1992,https://boxd.it/6Z4,
121,Bobby Yeah,2011,https://boxd.it/458Q,
122,The Adventures of Prince Achmed,1926,https://boxd.it/1FeY,
123,The Wages of Fear,1953,https://boxd.it/2aSK,
124,Close Encounters of the Third Kind,1977,https://boxd.it/29u8,
125,The Green Mile,1999,https://boxd.it/2agG,
126,(OO),2017,https://boxd.it/jkzi,
127,Psycho,1960,https://boxd.it/2ab2,
128,Lady Snowblood,1973,https://boxd.it/26Fi,
129,Fight Club,1999,https://boxd.it/2a9q,
130,Häxan,1922,https://boxd.it/n4O,
131,Toy Story,1995,https://boxd.it/29qA,
132,October Sky,1999,https://boxd.it/1Q7u,
133,Requiem for a Dream,2000,https://boxd.it/29VI,
134,Zodiac,2007,https://boxd.it/27MO,
135,Girlfriends,1978,https://boxd.it/3JYU,
136,The Truman Show,1998,https://boxd.it/18U8,
137,First Blood,1982,https://boxd.it/28U0,
138,"Crouching Tiger, Hidden Dragon",2000,https://boxd.it/2b1M,4.5 star threshold (10%)
139,The Great Dictator,1940,https://boxd.it/29ic,
140,Ghostbusters,1984,https://boxd.it/g2w,
141,Back to the Future,1985,https://boxd.it/2b8e,
142,The Empire Strikes Back,1980,https://boxd.it/27Vw,
143,The Blair Witch Project,1999,https://boxd.it/26ua,
144,Belladonna of Sadness,1973,https://boxd.it/2q,
145,The Princess Bride,1987,https://boxd.it/26EY,
146,Good Time,2017,https://boxd.it/fcFu,
147,Soul,2020,https://boxd.it/ioLA,
148,Mission: Impossible,1996,https://boxd.it/29d2,
149,My Cousin Vinny,1992,https://boxd.it/1WpO,
150,Oldboy,2003,https://boxd.it/29R2,
151,High Noon,1952,https://boxd.it/2aGa,
152,Serpico,1973,https://boxd.it/1ZjE,
153,Clue,1985,https://boxd.it/1MDQ,
154,Parasite,2019,https://boxd.it/hTha,
155,Godzilla,1954,https://boxd.it/28kc,
156,Do the Right Thing,1989,https://boxd.it/29gA,
157,Iron Man,2008,https://boxd.it/28dA,
158,The Fall,2006,https://boxd.it/1NoM,
159,Yi Yi,2000,https://boxd.it/1vCw,
160,The Seventh Seal,1957,https://boxd.it/2ahO,
161,Galaxy Quest,1999,https://boxd.it/29gq,
162,Seven Brides for Seven Brothers,1954,https://boxd.it/1JWA,
163,Monty Python and the Holy Grail,1975,https://boxd.it/29GI,
164,Peeping Tom,1960,https://boxd.it/1Utk,
165,Sisyphus,1974,https://boxd.it/3c9O,
166,Snatch,2000,https://boxd.it/2b7U,
167,Spy Kids,2001,https://boxd.it/1Xcw,
168,Joker,2019,https://boxd.it/h4cS,
169,Pitch Black,2000,https://boxd.it/26iS,
170,The Big Short,2015,https://boxd.it/ajZw,
171,Primer,2004,https://boxd.it/6YA,
172,Coco,2017,https://boxd.it/bYJQ,
173,Suspiria,1977,https://boxd.it/1SNW,
174,Grave of the Fireflies,1988,https://boxd.it/1RUM,
175,Blood Simple,1984,https://boxd.it/1U16,
176,The Wizard of Oz,1939,https://boxd.it/29Xu,
177,10 Cloverfield Lane,2016,https://boxd.it/aZiu,
178,Beauty and the Beast,1991,https://boxd.it/1XhG,
179,Babe,1995,https://boxd.it/1Yh8,
180,Kill Bill: Vol. 1,2003,https://boxd.it/70w,
181,In the Mood for Love,2000,https://boxd.it/29tE,
182,In the Heat of the Night,1967,https://boxd.it/1VLY,
183,Invasion of the Body Snatchers,1956,https://boxd.it/1TAa,
184,Chop Shop,2007,https://boxd.it/1LZQ,
185,Twelve Monkeys,1995,https://boxd.it/2beQ,
186,Sneakers,1992,https://boxd.it/26VU,
187,First Strike,1996,https://boxd.it/1YLC,
188,WALL·E,2008,https://boxd.it/1VEo,
189,Airplane!,1980,https://boxd.it/29yu,
190,My Neighbor Totoro,1988,https://boxd.it/20eA,
191,In Bruges,2008,https://boxd.it/20n8,
192,Stranger Than Fiction,2006,https://boxd.it/28Za,
193,"Girl, Interrupted",1999,https://boxd.it/25ds,
194,Moana,2016,https://boxd.it/8tfY,
195,Terminator 2: Judgment Day,1991,https://boxd.it/2aGY,
196,Home Alone,1990,https://boxd.it/29Fg,
197,Fantastic Planet,1973,https://boxd.it/1KnQ,
198,Memento,2000,https://boxd.it/2bcK,
199,Speed,1994,https://boxd.it/28qk,
200,Barton Fink,1991,https://boxd.it/2aFQ,
201,Kung Fu Panda,2008,https://boxd.it/1Yws,
202,Be Kind Rewind,2008,https://boxd.it/23Au,
203,Caché,2005,https://boxd.it/2amY,
204,One Flew Over the Cuckoo's Nest,1975,https://boxd.it/2aeA,
205,Arrival,2016,https://boxd.it/aNGk,
206,13th,2016,https://boxd.it/elNg,
207,Nightcrawler,2014,https://boxd.it/780m,
208,Father Goose,1964,https://boxd.it/1lDE,
209,How to Train Your Dragon 2,2014,https://boxd.it/2TRW,
210,Contact,1997,https://boxd.it/29OM,
211,John Wick,2014,https://boxd.it/7dEc,
212,Bill & Ted's Excellent Adventure,1989,https://boxd.it/28oI,
213,Star Trek II: The Wrath of Khan,1982,https://boxd.it/2b0u,
214,Taste of Cherry,1997,https://boxd.it/1m8W,
215,Death by Hanging,1968,https://boxd.it/3nPm,
216,Brazil,1985,https://boxd.it/2be2,
217,Rope,1948,https://boxd.it/28yo,
218,GoodFellas,1990,https://boxd.it/29FA,
219,Snow-White,1933,https://boxd.it/4aGy,
220,Citizen Kane,1941,https://boxd.it/71O,
221,Last Action Hero,1993,https://boxd.it/1YhW,
222,Presto,2008,https://boxd.it/1QYI,
223,Daisies,1966,https://boxd.it/LZk,
224,Tremors,1990,https://boxd.it/1YSe,
225,Good Will Hunting,1997,https://boxd.it/2ahY,
226,Big Fish,2003,https://boxd.it/2a3M,
227,Star Wars,1977,https://boxd.it/72s,
228,Black Hawk Down,2001,https://boxd.it/29rI,
229,Stray Dog,1949,https://boxd.it/1ltu,
230,The Incredibles,2004,https://boxd.it/1XLm,
231,Basic Instinct,1992,https://boxd.it/2asM,
232,The Blues Brothers,1980,https://boxd.it/2adi,
233,Legally Blonde,2001,https://boxd.it/1ZNa,
234,Ocean's Eleven,2001,https://boxd.it/2aZm,
235,A Streetcar Named Desire,1951,https://boxd.it/29Mc,
236,Hackers,1995,https://boxd.it/1WhU,
237,The Lego Movie,2014,https://boxd.it/4pDO,
238,Office Space,1999,https://boxd.it/28Em,
239,Quest for Fire,1981,https://boxd.it/bRu,
240,"Merry Christmas, Mr. Lawrence",1983,https://boxd.it/1SHu,
241,Boss Nigger,1974,https://boxd.it/1sUW,
242,Mean Girls,2004,https://boxd.it/1VNg,
243,Horror Express,1972,https://boxd.it/1gPK,
244,Hero,2002,https://boxd.it/2bcq,
245,[REC],2007,https://boxd.it/20ma,
246,Nomadland,2020,https://boxd.it/lnRy,
247,Black Girl,1966,https://boxd.it/3jIQ,
248,Freaks,1932,https://boxd.it/2b3o,
249,Phantom of the Paradise,1974,https://boxd.it/1s34,
250,The Big Lebowski,1998,https://boxd.it/2b6C,
251,Boys Don't Cry,1999,https://boxd.it/2aPG,
252,The Italian Job,2003,https://boxd.it/1Y86,
253,X-Men,2000,https://boxd.it/1a7s,
254,The Shining,1980,https://boxd.it/29Nu,
255,The Body Remembers When the World Broke Open,2019,https://boxd.it/l8Wo,
256,How Green Was My Valley,1941,https://boxd.it/UV2,
257,Indiana Jones and the Last Crusade,1989,https://boxd.it/2baO,
258,Amélie,2001,https://boxd.it/2aUc,
259,Who Framed Roger Rabbit,1988,https://boxd.it/29ry,
260,Only Yesterday,1991,https://boxd.it/1MR4,
261,Burn After Reading,2008,https://boxd.it/23BW,
262,Casino Royale,2006,https://boxd.it/1alk,
263,Catch Me If You Can,2002,https://boxd.it/29VS,
264,Bringing Up Baby,1938,https://boxd.it/29ks,
265,Dumb and Dumber,1994,https://boxd.it/206m,
266,Wet Hot American Summer,2001,https://boxd.it/27hw,
267,The Girl with the Dragon Tattoo,2009,https://boxd.it/1Mb8,
268,The Birds,1963,https://boxd.it/2a6m,
269,Ghost in the Shell,1995,https://boxd.it/1YYc,
270,The Lighthouse,2019,https://boxd.it/icFU,
271,"Synecdoche, New York",2008,https://boxd.it/23zw,
272,Midsommar,2019,https://boxd.it/jhxe,
273,Dirty Work,1998,https://boxd.it/1NOg,
274,The Maltese Falcon,1941,https://boxd.it/29c4,
275,Minority Report,2002,https://boxd.it/2aWi,
276,Get Out,2017,https://boxd.it/eOCm,
277,All Is Lost,2013,https://boxd.it/4OgK,4.0 star threshold (14%)
278,Top Gun,1986,https://boxd.it/29JC,
279,The Mitchells vs. The Machines,2021,https://boxd.it/i7xm,
280,Millennium Actress,2001,https://boxd.it/1fK0,
281,Cabaret,1972,https://boxd.it/1Vpe,
282,Dog Day Afternoon,1975,https://boxd.it/29bg,
283,Pariah,2011,https://boxd.it/2wWk,
284,Icarus,2017,https://boxd.it/fmje,
285,They Live,1988,https://boxd.it/20lm,
286,Anomalisa,2015,https://boxd.it/97TE,
287,Edge of Tomorrow,2014,https://boxd.it/4pD0,
288,"Lock, Stock and Two Smoking Barrels",1998,https://boxd.it/2b92,
289,Sorry to Bother You,2018,https://boxd.it/f21E,
290,Barbarella,1968,https://boxd.it/20Ba,
291,The Goonies,1985,https://boxd.it/1YVC,
292,The Dark Knight,2008,https://boxd.it/2b0k,
293,Aliens,1986,https://boxd.it/29PA,
294,The Adventures of Buckaroo Banzai Across the 8th Dimension,1984,https://boxd.it/1TZk,
295,Be Cool,2005,https://boxd.it/248w,
296,There's a Man in the Woods,2014,https://boxd.it/cOVk,
297,Redline,2009,https://boxd.it/2pQ0,
298,Mephisto,1981,https://boxd.it/1SN8,
299,Kung Fu Hustle,2004,https://boxd.it/1YBi,
300,Gravity,2013,https://boxd.it/GZY,
301,Chicken Run,2000,https://boxd.it/20Xg,
302,Mary Poppins,1964,https://boxd.it/2aoA,
303,Temple Grandin,2010,https://boxd.it/1fbu,
304,The Fog,1980,https://boxd.it/29Cc,
305,Inside Out,2015,https://boxd.it/4KHC,
306,Prologue,2015,https://boxd.it/ccik,
307,The Iron Giant,1999,https://boxd.it/1Wow,
308,The General,1926,https://boxd.it/29co,
309,Genius Loci,2020,https://boxd.it/oHGm,
310,Exit Through the Gift Shop,2010,https://boxd.it/13E0,
311,Fresh Guacamole,2012,https://boxd.it/4y9S,
312,"Monsters, Inc.",2001,https://boxd.it/2a46,
313,Inside Llewyn Davis,2013,https://boxd.it/34Ro,
314,Rango,2011,https://boxd.it/QPk,
315,Blue Velvet,1986,https://boxd.it/29BI,
316,Fiddler on the Roof,1971,https://boxd.it/1Nle,
317,Breaker Morant,1980,https://boxd.it/1PqK,
318,Donnie Darko,2001,https://boxd.it/2b2A,
319,Geri's Game,1997,https://boxd.it/1P6U,
320,The Prestige,2006,https://boxd.it/293w,
321,Raising Arizona,1987,https://boxd.it/2avQ,
322,Timelapse of the Future: A Journey to the End of Time,2019,https://boxd.it/lLLu,
323,Scarface,1983,https://boxd.it/2b7g,
324,The Cabin in the Woods,2011,https://boxd.it/1zOc,
325,The Fifth Element,1997,https://boxd.it/71k,
326,The Hangover,2009,https://boxd.it/1GjK,
327,Run Lola Run,1998,https://boxd.it/2b8o,
328,Labyrinth,1986,https://boxd.it/1POC,
329,Logan's Run,1976,https://boxd.it/1Vma,
330,Tucker and Dale vs. Evil,2010,https://boxd.it/Mce,
331,The Birdcage,1996,https://boxd.it/1UTi,
332,I Am Legend,2007,https://boxd.it/21DG,
333,Undercover Blues,1993,https://boxd.it/1Rt2,
334,Barry Lyndon,1975,https://boxd.it/25A2,
335,A Day in the Country,1946,https://boxd.it/Tm6,
336,A Serious Man,2009,https://boxd.it/1RFW,
337,House,1977,https://boxd.it/1vsm,
338,The Science of Sleep,2006,https://boxd.it/2aEe,
339,Uncut Gems,2019,https://boxd.it/gXGc,
340,Klaus,2019,https://boxd.it/ipoi,
341,Bambi,1942,https://boxd.it/25AQ,
342,Inception,2010,https://boxd.it/1skk,
343,Meshes of the Afternoon,1943,https://boxd.it/1sEE,
344,His Girl Friday,1940,https://boxd.it/25M8,
345,American Beauty,1999,https://boxd.it/71Y,
346,The Secret of Kells,2009,https://boxd.it/1sMI,
347,Army of Darkness,1992,https://boxd.it/29G4,
348,The Host,2006,https://boxd.it/28ZY,
349,Muppet Treasure Island,1996,https://boxd.it/1VaS,
350,Pontypool,2008,https://boxd.it/1yBw,
351,The Andromeda Strain,1971,https://boxd.it/1W4Q,
352,The Art of Self-Defense,2019,https://boxd.it/hf5y,
353,Paranormal Activity,2007,https://boxd.it/1yIM,
354,Identifying Features,2020,https://boxd.it/oina,
355,Schindler's List,1993,https://boxd.it/2aq2,
356,Unbreakable,2000,https://boxd.it/1XV2,
357,What About Bob?,1991,https://boxd.it/1WEk,
358,Day of the Dead,1985,https://boxd.it/20dM,
359,The Ballad of Buster Scruggs,2018,https://boxd.it/jB2q,
360,Swiss Army Man,2016,https://boxd.it/bDG2,
361,The Congress,2013,https://boxd.it/4Ota,
362,Naked Lunch,1991,https://boxd.it/26ow,
363,Long-Haired Hare,1949,https://boxd.it/Fi,
364,I Married a Witch,1942,https://boxd.it/1uJG,
365,Deep Red,1975,https://boxd.it/1E1E,
366,"Love, Death & Robots: The Very Pulse of the Machine",2022,https://boxd.it/AW5O,
367,Ida,2013,https://boxd.it/6fRg,
368,Over the Garden Wall,2014,https://boxd.it/eqFw,
369,Pinocchio,1940,https://boxd.it/1V8C,
370,Scanners,1981,https://boxd.it/1YqE,
371,David Lynch Cooks Quinoa,2007,https://boxd.it/b9G2,
372,How to Train Your Dragon,2010,https://boxd.it/1WRy,
373,Double Indemnity,1944,https://boxd.it/297I,
374,"Love, Death & Robots: Night of the Mini Dead",2022,https://boxd.it/AW6s,
375,Golden Hour,2021,https://boxd.it/x5Lw,
376,La Maison en Petits Cubes,2008,https://boxd.it/1D06,
377,Luminaris,2011,https://boxd.it/3a0g,
378,Ringu,1998,https://boxd.it/26tw,
379,Jiro Dreams of Sushi,2011,https://boxd.it/2ONU,
380,The Grand Budapest Hotel,2014,https://boxd.it/3ZqO,
381,Shrek,2001,https://boxd.it/29zi,
382,Mommy,2014,https://boxd.it/7Uau,
383,The Social Dilemma,2020,https://boxd.it/opQI,
384,The Searchers,1956,https://boxd.it/25HC,
385,Scavengers,2016,https://boxd.it/fmFu,
386,Despicable Me,2010,https://boxd.it/1DD8,
387,The Rocky Horror Picture Show,1975,https://boxd.it/1a3q,
388,Pirates of the Caribbean: The Curse of the Black Pearl,2003,https://boxd.it/70G,
389,The Long Goodbye,2020,https://boxd.it/ppuO,
390,When the Cat Comes,1963,https://boxd.it/JJ0,
391,Resident Evil,2002,https://boxd.it/28z2,
392,Dredd,2012,https://boxd.it/GZE,
393,Dirty Harry,1971,https://boxd.it/299E,
394,Lu Over the Wall,2017,https://boxd.it/ftYy,
395,Rush Hour,1998,https://boxd.it/27pU,
396,Alice,1988,https://boxd.it/1G3C,
397,"Love, Death & Robots: Jibaro",2022,https://boxd.it/AW7U,
398,The Girl Who Leapt Through Time,2006,https://boxd.it/1OPa,
399,Jumpy,2017,https://boxd.it/h1OO,
400,Slumdog Millionaire,2008,https://boxd.it/1S3E,
401,Candyman,2021,https://boxd.it/kHFg,
402,M*A*S*H,1970,https://boxd.it/29U6,
403,Con Air,1997,https://boxd.it/28gO,
404,"Corrina, Corrina",1994,https://boxd.it/1Wcq,
405,Mad Max Beyond Thunderdome,1985,https://boxd.it/1YTm,
406,A Bug's Life,1998,https://boxd.it/1Yyy,
407,Colossal,2016,https://boxd.it/biZi,
408,U.S. Marshals,1998,https://boxd.it/1T2M,
409,Ford v Ferrari,2019,https://boxd.it/ce74,
410,Annihilation,2018,https://boxd.it/9yzm,
411,Tron,1982,https://boxd.it/2b9w,
412,Red Desert,1964,https://boxd.it/1ttW,
413,The Gold Rush,1925,https://boxd.it/29ce,
414,Black Sunday,1960,https://boxd.it/1rlG,
415,Day of Wrath,1943,https://boxd.it/ZtM,
416,Lemony Snicket's A Series of Unfortunate Events,2004,https://boxd.it/1T7s,
417,Sin City,2005,https://boxd.it/2aVk,
418,Jojo Rabbit,2019,https://boxd.it/iEBG,
419,Landscape Suicide,1987,https://boxd.it/46To,
420,Hereditary,2018,https://boxd.it/hNVe,
421,Rocky,1976,https://boxd.it/28Uk,
422,The Cable Guy,1996,https://boxd.it/1XAI,
423,Zathura: A Space Adventure,2005,https://boxd.it/21mq,
424,The Nutty Professor,1963,https://boxd.it/1H9Q,
425,Rounders,1998,https://boxd.it/1WMS,
426,Lifted,2006,https://boxd.it/1QW8,
427,The Revenant,2015,https://boxd.it/8H5e,
428,Toy Story 2,1999,https://boxd.it/29qq,
429,The 'Burbs,1989,https://boxd.it/1SDi,
430,Flash Gordon,1980,https://boxd.it/257a,
431,Man on Fire,2004,https://boxd.it/1Yvk,
432,Cast Away,2000,https://boxd.it/20i8,
433,Twister,1996,https://boxd.it/29S0,
434,Frances Ha,2012,https://boxd.it/41Xg,
435,National Treasure,2004,https://boxd.it/27x0,3.5 star threshold (16%)
436,"Honey, I Shrunk the Kids",1989,https://boxd.it/1YTw,
437,The Tell-Tale Heart,1953,https://boxd.it/4aHm,
438,Gomorrah,2008,https://boxd.it/1ZG4,
439,Canoa: A Shameful Memory,1976,https://boxd.it/3Thw,
440,The Zero Theorem,2013,https://boxd.it/4WDW,
441,"history of the entire world, i guess",2017,https://boxd.it/rQx0,
442,The Summit of the Gods,2021,https://boxd.it/qFIu,
443,D.E.B.S.,2004,https://boxd.it/2aaS,
444,You Were Never Really Here,2017,https://boxd.it/dWOS,
445,Interstellar,2014,https://boxd.it/4VZ8,
446,Children of Men,2006,https://boxd.it/1Y2i,
447,American History X,1998,https://boxd.it/2bdo,
448,Man on the Moon,1999,https://boxd.it/281k,
449,Toy Story 4,2019,https://boxd.it/9ALu,
450,Baby Driver,2017,https://boxd.it/bhF2,
451,Simon of the Desert,1965,https://boxd.it/1aXe,
452,The Running Man,1987,https://boxd.it/29q6,
453,Tommy Boy,1995,https://boxd.it/1TZ0,
454,Yes Man,2008,https://boxd.it/1WPW,
455,The Red Turtle,2016,https://boxd.it/bdkE,
456,Unleashed,2005,https://boxd.it/1Xgy,
457,The Hunt for Red October,1990,https://boxd.it/28lk,
458,THX 1138,1971,https://boxd.it/29Ww,
459,"O Brother, Where Art Thou?",2000,https://boxd.it/2b3I,
460,The Matrix Reloaded,2003,https://boxd.it/2a1c,
461,Shaun of the Dead,2004,https://boxd.it/29J8,
462,21-87,1963,https://boxd.it/5xGe,
463,The Cat Came Back,1988,https://boxd.it/2Qys,
464,Jerry Maguire,1996,https://boxd.it/1YNS,
465,The Lego Movie 2: The Second Part,2019,https://boxd.it/8BAU,
466,Bliss,2019,https://boxd.it/lAok,
467,The Happiness of the Katakuris,2001,https://boxd.it/1KDY,
468,Fast & Furious 6,2013,https://boxd.it/2UG6,
469,Life of Pi,2012,https://boxd.it/37pC,
470,Mandy,2018,https://boxd.it/gtti,
471,It Follows,2014,https://boxd.it/87wo,
472,The Avengers,2012,https://boxd.it/1xFW,
473,Serenity,2005,https://boxd.it/1Km4,
474,Trancers,1984,https://boxd.it/22Ma,
475,Detour,1945,https://boxd.it/1DB2,
476,The Lobster,2015,https://boxd.it/7tnw,
477,Coming Out,2020,https://boxd.it/sh0C,
478,The Departed,2006,https://boxd.it/28MA,
479,The Village,2004,https://boxd.it/21iS,
480,McHale's Navy,1997,https://boxd.it/1N8a,
481,Hugo,2011,https://boxd.it/R08,
482,Paddington,2014,https://boxd.it/3RKw,
483,The Life Aquatic with Steve Zissou,2004,https://boxd.it/2aqw,
484,The Dot and the Line: A Romance in Lower Mathematics,1965,https://boxd.it/2Z26,
485,American Grindhouse,2010,https://boxd.it/2ssq,
486,The Santa Clause,1994,https://boxd.it/1TWK,
487,Motel Hell,1980,https://boxd.it/1khs,
488,Edward II,1991,https://boxd.it/TVA,
489,Scott Pilgrim vs. the World,2010,https://boxd.it/1Aq6,
490,Shanghai Noon,2000,https://boxd.it/202a,
491,My Octopus Teacher,2020,https://boxd.it/prk2,
492,West Side Story,1961,https://boxd.it/28dK,
493,Signs,2002,https://boxd.it/26t2,
494,City Lights,1931,https://boxd.it/29ki,
495,Rain Man,1988,https://boxd.it/2avw,
496,Fantasia,1940,https://boxd.it/29HG,
497,Dirty Computer,2018,https://boxd.it/iLhe,
498,Moneyball,2011,https://boxd.it/glS,
499,Evil Dead,2013,https://boxd.it/3GPq,
500,Snow White and the Seven Dwarfs,1937,https://boxd.it/2arO,
501,Eastern Promises,2007,https://boxd.it/275q,
502,"Love, Death & Robots: Bad Travelling",2022,https://boxd.it/BivY,
503,Screen Play,1993,https://boxd.it/4fpi,
504,Ronin,1998,https://boxd.it/20wa,
505,Colza,2020,https://boxd.it/s6rC,
506,Spaceballs,1987,https://boxd.it/29cy,
507,The Fountain,2006,https://boxd.it/28RU,
508,The Lure,2015,https://boxd.it/d3mE,
509,Highlander,1986,https://boxd.it/20GE,
510,Finding Dory,2016,https://boxd.it/4aAA,
511,Ong Bak: Muay Thai Warrior,2003,https://boxd.it/1YZk,
512,The Machinist,2004,https://boxd.it/248c,
513,Afternoon Class,2015,https://boxd.it/gh7k,
514,Whiplash,2014,https://boxd.it/7bQA,
515,Se7en,1995,https://boxd.it/29zs,
516,Fruitvale Station,2013,https://boxd.it/4VRy,
517,Spanglish,2004,https://boxd.it/26Cy,
518,The Artist,2011,https://boxd.it/2AwK,
519,The Boondock Saints,1999,https://boxd.it/20gw,
520,Bones,2001,https://boxd.it/1TZa,
521,Rogue One: A Star Wars Story,2016,https://boxd.it/aPvy,
522,Over the Moon,2020,https://boxd.it/kv2Q,
523,Ip Man,2008,https://boxd.it/1NrQ,
524,Starship Troopers,1997,https://boxd.it/2a7k,
525,Hot Fuzz,2007,https://boxd.it/2416,
526,Edward Scissorhands,1990,https://boxd.it/2aZc,
527,It's a Wonderful Life,1946,https://boxd.it/28xA,
528,Battle Royale,2000,https://boxd.it/25zS,
529,Miss Congeniality,2000,https://boxd.it/28GM,
530,Angels in the Outfield,1994,https://boxd.it/1wYo,
531,Mission: Impossible - Ghost Protocol,2011,https://boxd.it/psI,
532,Psycho Goreman,2020,https://boxd.it/oY2I,
533,Independence Day,1996,https://boxd.it/2a1w,
534,The Dead Lands,2014,https://boxd.it/8KJm,
535,Coffee and Cigarettes,2003,https://boxd.it/29nc,
536,Green Room,2015,https://boxd.it/a75m,
537,Breakfast at Tiffany's,1961,https://boxd.it/2aYS,
538,Return of the Jedi,1983,https://boxd.it/27Vm,
539,Airheads,1994,https://boxd.it/1POW,
540,Jennifer's Body,2009,https://boxd.it/1Efw,
541,Million Dollar Baby,2004,https://boxd.it/2bdI,
542,Fear Street: 1978,2021,https://boxd.it/lLBu,
543,Pineapple Express,2008,https://boxd.it/1WRS,
544,Platoon,1986,https://boxd.it/29BS,
545,Alita: Battle Angel,2019,https://boxd.it/e0rS,
546,Color Out of Space,2019,https://boxd.it/k1HY,
547,Then Came You,2018,https://boxd.it/d3F2,
548,Brave,2012,https://boxd.it/bVG,
549,Ex Machina,2015,https://boxd.it/7T2k,
550,From Dusk Till Dawn,1996,https://boxd.it/29HQ,
551,Shaun the Sheep: The Flight Before Christmas,2021,https://boxd.it/txO6,
552,Finding Nemo,2003,https://boxd.it/72i,
553,Mr. Deeds,2002,https://boxd.it/27BQ,
554,This Is Spinal Tap,1984,https://boxd.it/1UOs,
555,Tropic Thunder,2008,https://boxd.it/20WM,
556,Gone in Sixty Seconds,2000,https://boxd.it/1Y4y,
557,The Color of Pomegranates,1969,https://boxd.it/1u94,
558,Candyman,1992,https://boxd.it/1Ys6,
559,A Shaun the Sheep Movie: Farmageddon,2019,https://boxd.it/eXfm,
560,The Man Who Knew Too Little,1997,https://boxd.it/1YKa,
561,Singin' in the Rain,1952,https://boxd.it/29oY,
562,Coherence,2013,https://boxd.it/6xza,
563,Forrest Gump,1994,https://boxd.it/728,
564,Us,2019,https://boxd.it/gnV6,
565,Daniel Isn't Real,2019,https://boxd.it/jAx8,
566,Man Bites Dog,1992,https://boxd.it/1X7Q,
567,Birdman or (The Unexpected Virtue of Ignorance),2014,https://boxd.it/5RFA,
568,Chungking Express,1994,https://boxd.it/1UDa,
569,Mulan,1998,https://boxd.it/1VFw,
570,Juno,2007,https://boxd.it/210a,
571,The Raid,2011,https://boxd.it/3hBy,
572,C.H.U.D.,1984,https://boxd.it/1yRk,
573,Maverick,1994,https://boxd.it/1YSI,
574,Knives Out,2019,https://boxd.it/jWEA,
575,Doctor Strange,2016,https://boxd.it/8MH8,
576,Long Day's Journey Into Night,2018,https://boxd.it/hw1I,
577,A Fantastic Fear of Everything,2012,https://boxd.it/3t0Y,
578,Batman Begins,2005,https://boxd.it/2aIg,
579,Zootopia,2016,https://boxd.it/84xS,
580,Nocturnal Animals,2016,https://boxd.it/bkFu,
581,Training Day,2001,https://boxd.it/27A4,
582,Furious 7,2015,https://boxd.it/5cVs,
583,Dumbo,1941,https://boxd.it/1U2o,
584,Luca,2021,https://boxd.it/ipjC,
585,Guardians of the Galaxy,2014,https://boxd.it/3VH2,
586,Something Wild,1986,https://boxd.it/1UbU,
587,Blow Out,1981,https://boxd.it/1TlE,
588,TRON: Legacy,2010,https://boxd.it/1Dlo,
589,Beyond the Black Rainbow,2010,https://boxd.it/EzY,
590,"Love, Death & Robots: Three Robots",2019,https://boxd.it/lECK,
591,Casino,1995,https://boxd.it/2ads,
592,I'm Not There,2007,https://boxd.it/24Ys,
593,Final Destination,2000,https://boxd.it/1YrC,
594,A Ghost Story,2017,https://boxd.it/fb0K,3.0 star threshold (16%)
595,White Christmas,1954,https://boxd.it/1Qky,
596,The Last Starfighter,1984,https://boxd.it/1SRk,
597,The Wolf of Wall Street,2013,https://boxd.it/3C1m,
598,Miller's Crossing,1990,https://boxd.it/2avG,
599,The Usual Suspects,1995,https://boxd.it/29XE,
600,1408,2007,https://boxd.it/25Vu,
601,Onward,2020,https://boxd.it/io92,
602,The Butterfly Effect,2004,https://boxd.it/27M0,
603,Monsters,2010,https://boxd.it/Tdy,
604,Gladiator,2000,https://boxd.it/2b9m,
605,The Final Cut,2004,https://boxd.it/1UDO,
606,Space Jam,1996,https://boxd.it/26YO,
607,Matchstick Men,2003,https://boxd.it/215a,
608,Wish Dragon,2021,https://boxd.it/k6w2,
609,Frozen,2013,https://boxd.it/3GNa,
610,John Wick: Chapter 3 - Parabellum,2019,https://boxd.it/gmFw,
611,Fox and His Friends,1975,https://boxd.it/Xma,
612,Avengers: Infinity War,2018,https://boxd.it/9vEe,
613,Funny Games,2007,https://boxd.it/207a,
614,"I, Robot",2004,https://boxd.it/27y8,
615,How to Lose a Guy in 10 Days,2003,https://boxd.it/1XwG,
616,Megamind,2010,https://boxd.it/16Sk,
617,Porky Pig's Feat,1943,https://boxd.it/3rek,
618,Hair Love,2019,https://boxd.it/lI1I,
619,The Witch,2015,https://boxd.it/9X0m,
620,Waterworld,1995,https://boxd.it/1XLG,
621,(500) Days of Summer,2009,https://boxd.it/1EmM,
622,Across 110th Street,1972,https://boxd.it/1yHO,
623,Lance Lizardi,2017,https://boxd.it/gwFG,
624,In a Heartbeat,2017,https://boxd.it/ggzW,
625,The Pink Panther,2006,https://boxd.it/1Sys,
626,American Gangster,2007,https://boxd.it/23wi,
627,Ant-Man and the Wasp,2018,https://boxd.it/cqUW,
628,Grown Ups,2010,https://boxd.it/169a,
629,Solaris,1972,https://boxd.it/2a2Y,
630,Chappie,2015,https://boxd.it/5Y3e,
631,Balance,1989,https://boxd.it/ScO,
632,Solaris,2002,https://boxd.it/27qS,
633,Up in the Air,2009,https://boxd.it/1zPY,
634,Star Wars: The Force Awakens,2015,https://boxd.it/4vru,
635,While You Were Sleeping,1995,https://boxd.it/27wm,
636,*batteries not included,1987,https://boxd.it/1TAk,
637,Noah,2014,https://boxd.it/34QA,
638,Speed Racer,2008,https://boxd.it/20UQ,
639,Brick,2005,https://boxd.it/1Z6A,
640,Rubber,2010,https://boxd.it/P2m,
641,"Night Is Short, Walk on Girl",2017,https://boxd.it/ffwA,
642,Argo,2012,https://boxd.it/2czU,
643,Shaolin Soccer,2001,https://boxd.it/1T86,
644,Star Wars: Episode I - The Phantom Menace,1999,https://boxd.it/27Vc,
645,Willy Wonka & the Chocolate Factory,1971,https://boxd.it/2aLu,
646,Necktie,2013,https://boxd.it/i2BS,
647,The Hunger Games,2012,https://boxd.it/2uds,
648,Pacific Rim,2013,https://boxd.it/2cB2,
649,Harold and Maude,1971,https://boxd.it/2axM,
650,Cube,1997,https://boxd.it/2aoU,
651,Star Wars: The Last Jedi,2017,https://boxd.it/5xme,
652,Leprechaun,1993,https://boxd.it/1T2i,
653,The Brood,1979,https://boxd.it/1ovS,
654,The Fast and the Furious,2001,https://boxd.it/1XMu,
655,Ad Astra,2019,https://boxd.it/ePzI,
656,Back to the Future Part II,1989,https://boxd.it/2aYI,
657,The World's End,2013,https://boxd.it/3EiO,
658,Rent,2005,https://boxd.it/2844,
659,A Gray State,2017,https://boxd.it/ghiC,
660,Reign of Fire,2002,https://boxd.it/21QA,
661,Nightmare Alley,2021,https://boxd.it/m0HC,
662,Drive,2011,https://boxd.it/IG,
663,Saw,2004,https://boxd.it/2aWW,
664,Monsieur Hulot's Holiday,1953,https://boxd.it/29E8,
665,The Conjuring,2013,https://boxd.it/4sr2,
666,Lucky Number Slevin,2006,https://boxd.it/2aVu,
667,4 Artists Paint 1 Tree: A Walt Disney 'Adventure in Art',1958,https://boxd.it/aelm,
668,Coming to America,1988,https://boxd.it/1Ygu,
669,Meet the Parents,2000,https://boxd.it/28vE,
670,The Chronicles of Riddick,2004,https://boxd.it/26iy,
671,Leprechaun 3,1995,https://boxd.it/1Fme,
672,Incredibles 2,2018,https://boxd.it/7IPg,
673,Zoolander,2001,https://boxd.it/1YMA,
674,Sideways,2004,https://boxd.it/1Y5c,
675,Thor: Ragnarok,2017,https://boxd.it/8MHi,
676,Time Lapse,2014,https://boxd.it/8hCQ,
677,Lights Out,2016,https://boxd.it/bAHc,
678,World of Tomorrow,2015,https://boxd.it/9Gr6,
679,Village of the Damned,1995,https://boxd.it/1Suq,
680,Leviathan,1989,https://boxd.it/1Oey,
681,Repo! The Genetic Opera,2008,https://boxd.it/1Ogu,
682,16 Blocks,2006,https://boxd.it/27cc,
683,Alien³,1992,https://boxd.it/20zS,
684,The Lost World: Jurassic Park,1997,https://boxd.it/2azS,
685,Little Miss Sunshine,2006,https://boxd.it/29EW,
686,Shin Godzilla,2016,https://boxd.it/a9lm,
687,"Love, Death & Robots: Mason's Rats",2022,https://boxd.it/AW76,
688,Mrs. Doubtfire,1993,https://boxd.it/29Cw,
689,Hulk,2003,https://boxd.it/27PS,
690,The Room,2003,https://boxd.it/1ICY,
691,World War Z,2013,https://boxd.it/2p2E,
692,Robin Robin,2021,https://boxd.it/o9OQ,
693,Lord of War,2005,https://boxd.it/284y,
694,Cars 3,2017,https://boxd.it/7IPq,
695,Coraline,2009,https://boxd.it/1NhQ,
696,The Dead Zone,1983,https://boxd.it/1U6g,
697,What We Do in the Shadows,2014,https://boxd.it/7eQy,
698,The Sixth Sense,1999,https://boxd.it/29Js,
699,Hellboy II: The Golden Army,2008,https://boxd.it/1Ug6,
700,Borat Subsequent Moviefilm,2020,https://boxd.it/rNS0,
701,Hellboy,2004,https://boxd.it/28HK,
702,We Need to Talk About Kevin,2011,https://boxd.it/2pTS,
703,Django Unchained,2012,https://boxd.it/2cCk,
704,Hancock,2008,https://boxd.it/1Zv6,
705,The Creeping Flesh,1973,https://boxd.it/WPq,
706,50 First Dates,2004,https://boxd.it/285c,
707,The Chronicles of Riddick: Dark Fury,2004,https://boxd.it/26ie,
708,Fuelled,2021,https://boxd.it/yqMs,
709,The End of Suffering (A Proposal),2020,https://boxd.it/rjZA,
710,60 Cycles,1965,https://boxd.it/jTMc,
711,Looper,2012,https://boxd.it/ham,
712,A Woman Is a Woman,1961,https://boxd.it/1iUC,
713,The New World,2005,https://boxd.it/1TVW,
714,Four Rooms,1995,https://boxd.it/73g,
715,Dark City,1998,https://boxd.it/26uk,
716,Pod,2015,https://boxd.it/avMu,
717,Lady in the Water,2006,https://boxd.it/1Y1E,
718,Don't Think Twice,2016,https://boxd.it/c3W6,
719,Burn Out,2017,https://boxd.it/h1Ok,
720,The Laundromat,2019,https://boxd.it/iLUK,
721,Ghost in the Shell,2017,https://boxd.it/abTA,
722,End of Watch,2012,https://boxd.it/2F5O,
723,Indiana Jones and the Kingdom of the Crystal Skull,2008,https://boxd.it/2aR8,
724,Kill Bill: Vol. 2,2004,https://boxd.it/2au4,
725,Deadpool,2016,https://boxd.it/9fOC,
726,Southland Tales,2006,https://boxd.it/23Uu,
727,Species,1995,https://boxd.it/1YUk,
728,The Simpsons Movie,2007,https://boxd.it/6YU,
729,21 Jump Street,2012,https://boxd.it/J0,
730,ARQ,2016,https://boxd.it/erMS,
731,Cruising,1980,https://boxd.it/1qzW,
732,Au Hasard Balthazar,1966,https://boxd.it/1E3g,2.5 star threshold (14%)
733,Guns Akimbo,2019,https://boxd.it/gkFu,
734,La La Land,2016,https://boxd.it/a5fa,
735,Source Code,2011,https://boxd.it/fdo,
736,The Hudsucker Proxy,1994,https://boxd.it/1SJA,
737,Shadow,2018,https://boxd.it/gzLi,
738,The Girl Who Played with Fire,2009,https://boxd.it/1y0K,
739,The Thief and the Cobbler,1993,https://boxd.it/1tpq,
740,The Signal,2007,https://boxd.it/1QWi,
741,Let's Eat,2020,https://boxd.it/s5pA,
742,Concrete,2019,https://boxd.it/lTT2,
743,The Fast and the Furious: Tokyo Drift,2006,https://boxd.it/1Yeo,
744,Everything Is Illuminated,2005,https://boxd.it/2ayg,
745,Leprechaun in the Hood,2000,https://boxd.it/1HIw,
746,Armageddon,1998,https://boxd.it/2b9Q,
747,Tangled,2010,https://boxd.it/15gO,
748,Demon Seed,1977,https://boxd.it/1Glm,
749,Turner & Hooch,1989,https://boxd.it/21ie,
750,The Darjeeling Limited,2007,https://boxd.it/24as,
751,Fear & Shame,2017,https://boxd.it/gQLu,
752,Inglourious Basterds,2009,https://boxd.it/1JzG,
753,To Die By Your Side,2011,https://boxd.it/456U,
754,"Love, Death & Robots: Swarm",2022,https://boxd.it/AW84,
755,Captain Marvel,2019,https://boxd.it/9vSA,
756,Black Panther,2018,https://boxd.it/8MHs,
757,Mr. & Mrs. Smith,2005,https://boxd.it/29CG,
758,The Blob,1958,https://boxd.it/1ZKA,
759,Outland,1981,https://boxd.it/1W0E,
760,Possessor,2020,https://boxd.it/fsJW,
761,Click,2006,https://boxd.it/1YVM,
762,Sweeney Todd: The Demon Barber of Fleet Street,2007,https://boxd.it/1PcS,
763,Flushed Away,2006,https://boxd.it/1Tpm,
764,Lara Croft: Tomb Raider,2001,https://boxd.it/27G2,
765,V for Vendetta,2005,https://boxd.it/29Ik,
766,"Love, Death & Robots: In Vaulted Halls Entombed",2022,https://boxd.it/AW7A,
767,Mars Attacks!,1996,https://boxd.it/2bd4,
768,DragonHeart,1996,https://boxd.it/1ZMm,
769,Resident Evil: Apocalypse,2004,https://boxd.it/28yS,
770,Anchorman: The Legend of Ron Burgundy,2004,https://boxd.it/1ZVo,
771,Cloverfield,2008,https://boxd.it/2192,
772,Leprechaun: Origins,2014,https://boxd.it/48Oq,
773,Zombieland,2009,https://boxd.it/1En6,
774,Ghost World,2001,https://boxd.it/28Dy,
775,Under the Skin,2013,https://boxd.it/3mDa,
776,"The Chronicles of Narnia: The Lion, the Witch and the Wardrobe",2005,https://boxd.it/2ark,
777,The Autograph Hound,1939,https://boxd.it/wxg,
778,Frankenfish,2004,https://boxd.it/1f6k,
779,PlayTime,1967,https://boxd.it/1WLK,
780,Rambo: First Blood Part II,1985,https://boxd.it/28TQ,
781,Avatar,2009,https://boxd.it/1Efm,
782,Bloodsport,1988,https://boxd.it/1Tee,
783,Insomnia,2002,https://boxd.it/2aB0,
784,The Brothers Grimm,2005,https://boxd.it/24kW,
785,House of Flying Daggers,2004,https://boxd.it/1YoI,
786,Whip It,2009,https://boxd.it/1A3m,
787,Bewitched,2005,https://boxd.it/1XXW,
788,Remember the Titans,2000,https://boxd.it/1VLk,
789,Corpse Bride,2005,https://boxd.it/24WQ,
790,The Disaster Artist,2017,https://boxd.it/cTqc,
791,Mom and Dad Save the World,1992,https://boxd.it/1s7q,
792,Star Wars: Episode III - Revenge of the Sith,2005,https://boxd.it/27US,
793,Cars 2,2011,https://boxd.it/H4Y,
794,Troy,2004,https://boxd.it/29TW,
795,K-PAX,2001,https://boxd.it/2aYo,
796,Snowpiercer,2013,https://boxd.it/3Icg,
797,A Christmas Story,1983,https://boxd.it/29sw,
798,Hercules,1997,https://boxd.it/1SDW,
799,history of japan,2016,https://boxd.it/rZlM,
800,Oktapodi,2007,https://boxd.it/NoA,
801,Closer,2004,https://boxd.it/270K,
802,Up,2009,https://boxd.it/1OEc,
803,xXx,2002,https://boxd.it/20VY,
804,Saved!,2004,https://boxd.it/1QCM,
805,Event Horizon,1997,https://boxd.it/20d8,
806,Kitbull,2019,https://boxd.it/l4MY,
807,Kiwi!,2006,https://boxd.it/x5i,
808,Kick-Ass,2010,https://boxd.it/1zaQ,
809,Elf,2003,https://boxd.it/1VyK,
810,The Sorcerer's Apprentice,2010,https://boxd.it/1sGg,
811,The Family Man,2000,https://boxd.it/22e8,
812,Sword of the Stranger,2007,https://boxd.it/1OZE,
813,Fear Street: 1994,2021,https://boxd.it/lLBk,
814,Thor,2011,https://boxd.it/1WQU,
815,The Girl Who Kicked the Hornet's Nest,2009,https://boxd.it/1f9S,
816,The Hateful Eight,2015,https://boxd.it/8gw8,
817,Rudy,1993,https://boxd.it/1NUe,
818,S.W.A.T.,2003,https://boxd.it/1Z8G,
819,Ondine,2009,https://boxd.it/15Xo,
820,Anger Management,2003,https://boxd.it/1YvO,
821,Toy Story 3,2010,https://boxd.it/1WRe,
822,Across the Universe,2007,https://boxd.it/23X4,
823,The Dark Knight Rises,2012,https://boxd.it/H3m,
824,Alien Resurrection,1997,https://boxd.it/20zI,
825,Fast Five,2011,https://boxd.it/BgO,
826,Invictus,2009,https://boxd.it/1zPk,
827,Terminator Salvation,2009,https://boxd.it/2abQ,
828,A Boy and His Dog,1975,https://boxd.it/23FO,
829,Highlander: The Source,2007,https://boxd.it/1Qlw,
830,The Torture Chamber of Dr. Sadism,1967,https://boxd.it/1RBq,
831,Ralph Breaks the Internet,2018,https://boxd.it/edAy,
832,Live Free or Die Hard,2007,https://boxd.it/28zQ,
833,Legion,2010,https://boxd.it/1zVi,
834,Cube Zero,2004,https://boxd.it/2anM,
835,Mac and Me,1988,https://boxd.it/1DTq,
836,Fast & Furious,2009,https://boxd.it/1Pnm,
837,Equilibrium,2002,https://boxd.it/211s,
838,Ghost Rider,2007,https://boxd.it/290M,
839,The Pacifier,2005,https://boxd.it/1Xhm,
840,Green Lantern,2011,https://boxd.it/QN4,
841,The Gift,2000,https://boxd.it/27ys,2.0 star threshold (11%)
842,The Void,2016,https://boxd.it/d93S,
843,Weekend,1967,https://boxd.it/20Ac,
844,Twilight,2008,https://boxd.it/1Zui,
845,Something Wicked This Way Comes,1983,https://boxd.it/1wWC,
846,War of the Worlds,2005,https://boxd.it/2bde,
847,Bernie,2011,https://boxd.it/3eWe,
848,Best in Show,2000,https://boxd.it/1Pqq,
849,The Recruit,2003,https://boxd.it/28oS,
850,Monsters University,2013,https://boxd.it/bQm,
851,Super Mario Bros.,1993,https://boxd.it/1YfG,
852,The Skin I Live In,2011,https://boxd.it/99A,
853,The Terminal,2004,https://boxd.it/2a2O,
854,The Holiday,2006,https://boxd.it/28ye,
855,Jurassic Park III,2001,https://boxd.it/2azI,
856,The Fighter,2010,https://boxd.it/PP4,
857,The Cloverfield Paradox,2018,https://boxd.it/doVA,
858,Paradox,2016,https://boxd.it/d4QK,
859,Mortal Kombat,1995,https://boxd.it/1YZY,
860,Species III,2004,https://boxd.it/1XZo,
861,Rollerball,1975,https://boxd.it/1TK0,
862,10 Things I Hate About You,1999,https://boxd.it/23AO,
863,Back to the Future Part III,1990,https://boxd.it/2aTS,
864,Two Weeks Notice,2002,https://boxd.it/26wK,
865,Mute,2018,https://boxd.it/e6nW,
866,Cars,2006,https://boxd.it/29ho,
867,Mission: Impossible II,2000,https://boxd.it/29cS,
868,Team America: World Police,2004,https://boxd.it/24QS,
869,Push,2009,https://boxd.it/1Q8W,
870,9,2009,https://boxd.it/1Scm,
871,Eat My Makeup!,2005,https://boxd.it/epkC,
872,Dinosaurs: The True Story,2020,https://boxd.it/sM12,
873,Friendly Shadow,2020,https://boxd.it/qYAE,
874,Crash,2004,https://boxd.it/28q0,
875,Cube 2: Hypercube,2002,https://boxd.it/2anW,
876,The Adventures of Baron Munchausen,1988,https://boxd.it/1NXs,
877,3 Ninjas: High Noon at Mega Mountain,1998,https://boxd.it/1hjq,
878,"Love, Death & Robots: Kill Team Kill",2022,https://boxd.it/AW6M,
879,The Muppets Take Manhattan,1984,https://boxd.it/1SP4,
880,Jumper,2008,https://boxd.it/20ss,
881,Alice in Wonderland,2010,https://boxd.it/1Spq,
882,Wild Hogs,2007,https://boxd.it/1Uok,
883,Always,1989,https://boxd.it/1U3G,
884,The Good Dinosaur,2015,https://boxd.it/3AD4,
885,"Love, Death & Robots: Three Robots: Exit Strategies",2022,https://boxd.it/AVpy,
886,Prince of Persia: The Sands of Time,2010,https://boxd.it/1YpQ,
887,The Forgotten,2004,https://boxd.it/1WYE,
888,Time Bandits,1981,https://boxd.it/19KI,
889,Star Wars: Episode II - Attack of the Clones,2002,https://boxd.it/27V2,
890,Talladega Nights: The Ballad of Ricky Bobby,2006,https://boxd.it/1XYq,
891,The VelociPastor,2018,https://boxd.it/glzW,
892,"Game Over, Man!",2018,https://boxd.it/gjaK,
893,Beyond Skyline,2017,https://boxd.it/8aww,
894,Twins in Paradise,2020,https://boxd.it/qPOW,
895,Indiana Jones and the Temple of Doom,1984,https://boxd.it/2bb8,
896,The Longest Yard,2005,https://boxd.it/1Z3c,
897,Escape from L.A.,1996,https://boxd.it/1XbI,
898,In Good Company,2004,https://boxd.it/27U4,
899,Leprechaun: Back 2 tha Hood,2003,https://boxd.it/1FlU,
900,Lost & Found,2018,https://boxd.it/iZzw,
901,Synchronicity,2015,https://boxd.it/bFQS,
902,"Jeanne Dielman, 23, Quai du Commerce 1080 Bruxelles",1975,https://boxd.it/T18,
903,Enter the Void,2009,https://boxd.it/1dy2,
904,Spider-Man 3,2007,https://boxd.it/2a7Y,
905,Resident Evil: Extinction,2007,https://boxd.it/20Oy,
906,X-Men: The Last Stand,2006,https://boxd.it/1a5Q,
907,Save Ralph,2021,https://boxd.it/ux2o,
908,Aunt Fanny's Tour of Booty,2005,https://boxd.it/41nC,
909,Fear Street: 1666,2021,https://boxd.it/lLBE,
910,Avengers: Endgame,2019,https://boxd.it/9vE4,
911,Spawn,1997,https://boxd.it/1WvM,
912,Get Smart,2008,https://boxd.it/1Tig,
913,Highlander III: The Sorcerer,1994,https://boxd.it/20Gk,
914,Into the Blue,2005,https://boxd.it/1SEg,
915,Total Recall,2012,https://boxd.it/Ro,
916,Daredevil,2003,https://boxd.it/1YzG,
917,The Boondock Saints II: All Saints Day,2009,https://boxd.it/1A0i,
918,The Adventures of Sharkboy and Lavagirl,2005,https://boxd.it/1Ozm,
919,Death Proof,2007,https://boxd.it/27GG,
920,Happy Feet,2006,https://boxd.it/1XH0,1.5 star threshold ( 8%)
921,Poultrygeist: Night of the Chicken Dead,2006,https://boxd.it/1ISi,
922,Baby Mama,2008,https://boxd.it/1ZQe,
923,Ratchet & Clank,2016,https://boxd.it/6Tig,
924,Somm,2012,https://boxd.it/5ALc,
925,Fantastic Four: Rise of the Silver Surfer,2007,https://boxd.it/27Ii,
926,Robot & Frank,2012,https://boxd.it/2Y4g,
927,2 Fast 2 Furious,2003,https://boxd.it/2a4g,
928,2012,2009,https://boxd.it/1OE2,
929,The Spy Next Door,2010,https://boxd.it/1zyo,
930,Powaqqatsi,1988,https://boxd.it/1xPs,
931,Bee Movie,2007,https://boxd.it/22Vw,
932,Stuart Little,1999,https://boxd.it/1WZW,
933,Inspector Gadget,1999,https://boxd.it/2azy,
934,Charlie and the Chocolate Factory,2005,https://boxd.it/2b68,
935,Wire Cutters,2014,https://boxd.it/c56m,
936,Spy Kids: All the Time in the World,2011,https://boxd.it/ptm,
937,Pearl Harbor,2001,https://boxd.it/29Q4,
938,The Polar Express,2004,https://boxd.it/23am,
939,Race to Witch Mountain,2009,https://boxd.it/1PiQ,
940,Funny Face,1957,https://boxd.it/1Qpy,
941,Purl,2018,https://boxd.it/jomC,
942,Leprechaun 2,1994,https://boxd.it/1HIG,
943,The Omega Man,1971,https://boxd.it/1UiG,
944,Highlander II: The Quickening,1991,https://boxd.it/20Gu,
945,Leprechaun Returns,2018,https://boxd.it/iMLa,
946,The Discreet Charm of the Bourgeoisie,1972,https://boxd.it/2440,
947,The Score,2001,https://boxd.it/1U0C,
948,Flubber,1997,https://boxd.it/1YkQ,
949,A Walk to Remember,2002,https://boxd.it/1WLq,
950,Stardust,2007,https://boxd.it/272w,
951,Bad Luck Banging or Loony Porn,2021,https://boxd.it/tJOM,
952,Kitty Love: An Homage to Cats,2020,https://boxd.it/s2fs,
953,xXx: State of the Union,2005,https://boxd.it/1Tg0,
954,Gamer,2009,https://boxd.it/1GQk,
955,Skyline,2010,https://boxd.it/WhS,
956,AVP: Alien vs. Predator,2004,https://boxd.it/2atU,
957,Candyman: Farewell to the Flesh,1995,https://boxd.it/1ViM,
958,Species II,1998,https://boxd.it/1WNw,
959,Species: The Awakening,2007,https://boxd.it/1MC4,
960,Highlander: Endgame,2000,https://boxd.it/1Shm,
961,Convergence,2017,https://boxd.it/blM2,
962,Resident Evil: Afterlife,2010,https://boxd.it/1bVo,
963,Skylines,2020,https://boxd.it/kv7G,
964,Over the Top,1987,https://boxd.it/2852,
965,King of New York,1990,https://boxd.it/1Ynq,
966,How to Cope with Death,2002,https://boxd.it/bT2s,
967,The Intern,2015,https://boxd.it/7AOE,
968,Dinosaur,2000,https://boxd.it/1VWi,
969,S1m0ne,2002,https://boxd.it/1Z2o,
970,Doctor Dolittle,1998,https://boxd.it/25RM,1.0 star threshold ( 5%)
971,The Tuxedo,2002,https://boxd.it/1Vra,
972,The Man in the Iron Mask,1998,https://boxd.it/1YZO,
973,Entrapment,1999,https://boxd.it/282i,
974,Babylon A.D.,2008,https://boxd.it/1YPk,
975,Hudson Hawk,1991,https://boxd.it/1Z32,
976,Bedknobs and Broomsticks,1971,https://boxd.it/1S4W,
977,Dreamcatcher,2003,https://boxd.it/21XQ,
978,Sing,2016,https://boxd.it/b5EQ,
979,Rollerball,2002,https://boxd.it/1TCq,
980,Ballistic: Ecks vs. Sever,2002,https://boxd.it/1VZ2,
981,Leprechaun 4: In Space,1996,https://boxd.it/1Fm4,
982,Candyman: Day of the Dead,1999,https://boxd.it/1RTu,
983,Fool's Gold,2008,https://boxd.it/1ZXE,
984,Proof of Life,2000,https://boxd.it/1SBQ,
985,Spy Hard,1996,https://boxd.it/1W1s,
986,The Master of Disguise,2002,https://boxd.it/1Pai,
987,Left Behind: The Movie,2000,https://boxd.it/18AC,
988,Elektra,2005,https://boxd.it/1XsE,
989,The Cat in the Hat,2003,https://boxd.it/1VSU,
990,The Langoliers,1995,https://boxd.it/4NUO,0.5 star threshold ( 2%)
